Season,Name,Team,PA,Events,EV,maxEV,LA,Barrels,Barrel%,HardHit,HardHit%,wRC+,Pos,2B,3B,HR,BB,OPS,playerid
2020,Juan Soto,Nationals,196,126,92.3,113.3,4.6,22,17.50%,65,51.60%,201,-2.2,14,0,13,41,1.185,20123
2015,Bryce Harper,Nationals,654,394,91.4,116,14.6,48,12.20%,189,48.00%,197,-6.1,38,1,42,124,1.109,11579
2020,Freddie Freeman,Braves,262,177,92.4,109.3,17.2,26,14.70%,96,54.20%,187,-4.3,23,1,13,45,1.102,5361
2018,Mookie Betts,Red Sox,614,434,92.3,110.6,18.5,57,13.10%,218,50.20%,185,-5.3,47,5,32,81,1.078,13611
2018,Mike Trout,Angels,608,352,91.2,118,18.6,54,15.30%,162,46.00%,188,0.2,24,4,39,122,1.088,10155
2020,Marcell Ozuna,Braves,267,169,93,115.6,16.4,26,15.40%,91,53.80%,179,-5,14,0,18,38,1.067,10324
2019,Christian Yelich,Brewers,580,374,93.3,117.9,11.3,59,15.80%,182,48.70%,175,-5.8,29,3,44,80,1.1,11477
2017,Mike Trout,Angels,507,316,88.8,114.7,18,38,12.00%,128,40.50%,180,1,25,3,33,94,1.071,10155
2019,Mike Trout,Angels,600,354,90.9,116.6,22.2,62,17.50%,155,43.80%,178,0.5,27,2,45,110,1.083,10155
2017,Aaron Judge,Yankees,678,338,94.9,121.1,15.8,84,24.90%,186,55.00%,174,-7.5,24,3,52,127,1.049,15640
2020,DJ LeMahieu,Yankees,216,175,91.3,109.5,2.3,5,2.90%,80,45.70%,176,0.3,10,2,10,18,1.011,9874
2017,Joey Votto,Reds,707,482,87.6,110.9,14.1,42,8.70%,158,32.80%,163,-11.9,34,1,36,134,1.032,4314
2018,J.D. Martinez,Red Sox,649,430,93,116.7,10.8,65,15.10%,225,52.30%,170,-12.6,37,2,43,69,1.031,6184
2015,Joey Votto,Reds,695,412,90.1,109.3,11.4,39,9.50%,174,42.20%,174,-11.8,33,2,29,143,1,4314
2018,Christian Yelich,Brewers,651,441,92.6,113.6,5,54,12.20%,224,50.80%,167,-5.7,34,7,36,68,1,11477
2016,David Ortiz,Red Sox,626,458,93,113.4,16.7,62,13.50%,219,47.80%,163,-15.2,48,1,38,80,1.021,745
2019,Alex Bregman,Astros,690,479,89.3,107.4,19.6,22,4.60%,178,37.20%,169,3.3,37,2,41,119,1.015,17678
2016,Mike Trout,Angels,681,417,91.1,117.1,13.6,57,13.70%,172,41.20%,170,1,32,5,29,116,0.991,10155
2015,Paul Goldschmidt,Diamondbacks,695,424,92.2,114,13.1,52,12.30%,199,46.90%,163,-12.1,38,2,33,118,1.005,9218
2019,Nelson Cruz,Twins,521,327,93.7,117,13.1,61,18.70%,168,51.40%,163,-12.3,26,0,41,56,1.031,2434
2019,Cody Bellinger,Dodgers,660,454,91.1,110.6,17.9,57,12.60%,207,45.60%,162,-6.4,34,3,47,95,1.035,15998
2015,Mike Trout,Angels,682,422,92.9,117.7,13.8,68,16.10%,206,48.80%,171,1.9,32,6,41,92,0.991,10155
2020,Jose Ramirez,Indians,254,177,88.7,114.3,23.2,18,10.20%,62,35.00%,164,0.7,16,1,17,31,0.993,13510
2017,Charlie Blackmon,Rockies,725,515,87.3,110.8,13.4,39,7.60%,186,36.10%,142,2.3,35,14,37,65,1,7859
2015,Miguel Cabrera,Tigers,511,349,93.8,115.6,12.4,33,9.50%,187,53.60%,165,-9.2,28,1,18,77,0.974,1744
2016,Joey Votto,Reds,677,444,89.5,109,11.6,37,8.30%,173,39.00%,158,-11.6,34,2,29,108,0.985,4314
2020,Ronald Acuna Jr.,Braves,202,100,92.4,114.8,18.6,16,16.00%,57,57.00%,158,-0.5,11,0,14,38,0.987,18401
2019,Anthony Rendon,Nationals,646,468,90.4,107.7,19.6,51,10.90%,218,46.60%,154,2.2,44,3,34,80,1.01,12861
2020,Trea Turner,Nationals,259,199,90.5,111.2,9.3,18,9.00%,79,39.70%,158,2.5,15,4,12,22,0.982,16252
2020,Dominic Smith,Mets,199,135,89.8,110.7,10.8,18,13.30%,63,46.70%,164,-3,21,1,10,14,0.993,15653
2020,Nelson Cruz,Twins,214,127,91.6,114.4,9.4,19,15.00%,59,46.50%,164,-5.6,6,0,16,25,0.992,2434
2020,Jose Abreu,White Sox,262,182,92.9,114,10.9,26,14.30%,97,53.30%,166,-4.7,15,0,19,18,0.987,15676
2017,Giancarlo Stanton,Marlins,692,437,91.9,122.2,11.1,74,16.90%,199,45.50%,158,-7.2,32,0,59,85,1.007,4949
2016,Daniel Murphy,Nationals,582,482,90.7,113.5,16.8,40,8.30%,199,41.30%,154,0.3,47,5,25,35,0.985,4316
2020,Mike Trout,Angels,241,147,93.7,112.9,23.1,22,15.00%,81,55.10%,162,0.7,9,2,17,35,0.993,10155
2017,Freddie Freeman,Braves,514,347,89.7,109,16,45,13.00%,145,41.80%,150,-7.3,35,2,28,65,0.989,5361
2020,Mike Yastrzemski,Giants,225,137,88.2,105.6,18.4,15,10.90%,58,42.30%,159,-1,14,4,10,30,0.968,14854
2017,Jose Altuve,Astros,662,511,86.1,109.1,9.7,29,5.70%,143,28.00%,160,1.9,39,4,24,58,0.957,5417
2019,Ketel Marte,Diamondbacks,628,485,90,116.3,11.6,44,9.10%,194,40.00%,150,2.3,36,9,32,53,0.981,13613
2016,Josh Donaldson,Blue Jays,700,463,92.3,114.1,14.9,53,11.40%,228,49.20%,157,0,32,5,37,109,0.953,5038
2016,Freddie Freeman,Braves,693,423,91.3,114.6,17.2,55,13.00%,190,44.90%,152,-12.1,43,6,34,89,0.968,5361
2020,Michael Conforto,Mets,233,145,88.4,114.4,11,16,11.00%,53,36.60%,157,-2.4,12,0,9,24,0.927,16376
2019,George Springer,Astros,556,370,89.8,114.3,10.4,45,12.20%,160,43.20%,157,-2.4,20,3,39,67,0.974,12856
2017,Paul Goldschmidt,Diamondbacks,665,416,91.4,112.4,11.5,51,12.30%,196,47.10%,142,-11.3,34,3,36,94,0.966,9218
2020,Bryce Harper,Phillies,244,150,92.3,114.7,16.7,26,17.30%,73,48.70%,151,-3,9,2,13,49,0.962,11579
2020,Wil Myers,Padres,218,142,91,109.2,13.4,21,14.80%,65,45.80%,154,-2.5,14,2,15,18,0.959,10047
2017,Justin Turner,Dodgers,543,409,89.4,107.8,18.5,31,7.60%,156,38.10%,151,1.2,32,0,21,59,0.945,5235
2017,Kris Bryant,Cubs,665,427,87,113,17,38,8.90%,158,37.00%,147,1.7,38,4,29,95,0.946,15429
2016,Miguel Cabrera,Tigers,679,484,93.6,114.3,12.2,72,14.90%,242,50.00%,153,-11.7,31,1,38,75,0.956,1744
2017,Tommy Pham,Cardinals,530,332,89.7,111.6,6.8,32,9.60%,144,43.40%,149,-3.4,22,2,23,71,0.931,2967
2015,Josh Donaldson,Blue Jays,711,499,92.5,113.6,10.3,57,11.40%,235,47.10%,154,1.5,41,2,41,73,0.939,5038
2017,Jose Ramirez,Indians,645,521,88.2,108.3,14.9,24,4.60%,181,34.70%,146,2.3,56,6,29,52,0.957,13510
2016,Kris Bryant,Cubs,699,452,89.3,112.6,20.7,53,11.70%,176,38.90%,148,-1.4,35,3,39,75,0.939,15429
2015,Nelson Cruz,Mariners,655,427,92.6,119,9.3,56,13.10%,202,47.30%,158,-11.4,22,1,44,59,0.936,2434
2018,Alex Bregman,Astros,705,512,89.4,107.6,16.8,38,7.40%,204,39.80%,157,3.1,51,1,31,96,0.926,17678
2020,Anthony Rendon,Angels,232,158,90.1,109.1,19.6,10,6.30%,63,39.90%,154,0.8,11,1,9,38,0.915,12861
2017,Nolan Arenado,Rockies,680,508,88.9,109.9,17.4,40,7.90%,191,37.60%,130,2.3,43,7,37,62,0.959,9777
2017,Anthony Rendon,Nationals,605,432,89.8,110.1,18.3,25,5.80%,162,37.50%,141,2.2,41,1,25,84,0.937,12861
2019,Juan Soto,Nationals,659,416,92,112.8,12.5,47,11.30%,199,47.80%,142,-6.8,32,5,34,108,0.949,20123
2016,Charlie Blackmon,Rockies,641,483,87.7,112.7,15.2,30,6.20%,162,33.50%,132,2,35,5,29,43,0.933,7859
2020,Corey Seager,Dodgers,232,177,93.2,113.1,11.9,28,15.80%,98,55.40%,152,1,12,1,15,17,0.943,13624
2020,Luke Voit,Yankees,234,160,88.9,111.7,15.2,21,13.10%,64,40.00%,152,-4.1,5,0,22,17,0.948,14811
2020,Fernando Tatis Jr.,Padres,257,164,95.9,113.4,8.7,32,19.50%,102,62.20%,149,2.2,11,2,17,27,0.937,19709
2017,Zack Cozart,Reds,507,364,85.8,108.3,14.8,16,4.40%,105,28.80%,139,4.9,24,7,24,62,0.933,2616
2019,Nolan Arenado,Rockies,662,503,89.4,109.9,17.6,34,6.80%,189,37.60%,129,2.3,31,2,41,62,0.962,9777
2015,Edwin Encarnacion,Blue Jays,624,440,90.1,114,16.7,39,8.90%,196,44.50%,150,-13.3,31,0,39,77,0.929,2151
2016,DJ LeMahieu,Rockies,635,486,91.8,111.9,5.9,20,4.10%,232,47.70%,130,2.1,32,8,11,66,0.911,9874
2020,Manny Machado,Padres,254,191,90.2,115.7,15.6,21,11.00%,83,43.50%,149,0.4,12,1,16,26,0.95,11493
2018,Jose Ramirez,Indians,698,504,89,110.2,19,35,6.90%,174,34.50%,147,1.9,38,4,39,106,0.939,13510
2016,Anthony Rizzo,Cubs,676,478,89.1,113.5,16.2,42,8.80%,175,36.60%,145,-11.5,43,4,32,74,0.928,3473
2018,Nolan Arenado,Rockies,673,475,89.8,109.2,15.3,34,7.20%,191,40.20%,133,2.1,38,2,38,73,0.935,9777
2016,Jose Altuve,Astros,717,580,88.3,109,11.4,36,6.20%,210,36.20%,152,0.9,42,5,24,60,0.928,5417
2018,Paul Goldschmidt,Diamondbacks,690,421,90.8,112.9,15.6,55,13.10%,184,43.70%,145,-11.9,35,5,33,90,0.922,9218
2019,Anthony Rizzo,Cubs,613,429,89,113.4,12.6,28,6.50%,158,36.80%,142,-10.5,29,3,27,71,0.924,3473
2015,Chris Davis,Orioles,670,370,92.2,116.6,17.6,63,17.00%,174,47.00%,149,-11.8,31,0,47,84,0.923,9272
2020,Mookie Betts,Dodgers,246,182,90.7,108.5,18.5,14,7.70%,79,43.40%,149,-2.5,9,1,16,24,0.927,13611
2019,Xander Bogaerts,Red Sox,698,498,90.6,112.4,13.2,40,8.00%,221,44.40%,141,6.9,52,0,33,76,0.939,12161
2015,Jose Bautista,Blue Jays,666,445,92,116.3,16.8,54,12.10%,204,45.80%,148,-8.9,29,3,40,110,0.913,1887
2017,Marcell Ozuna,Marlins,679,471,90.7,114.5,10.1,40,8.50%,214,45.40%,143,-7.1,30,2,37,64,0.924,10324
2017,Ryan Zimmerman,Nationals,576,403,91.4,113.1,8.5,45,11.20%,194,48.10%,137,-10.1,33,0,36,44,0.93,4220
2019,Charlie Blackmon,Rockies,634,481,88.7,110.6,14.5,38,7.90%,194,40.30%,126,-6.3,42,7,32,40,0.94,7859
2019,Freddie Freeman,Braves,692,472,89.7,112,14.3,55,11.70%,200,42.40%,138,-11.7,34,2,38,87,0.938,5361
2020,Paul Goldschmidt,Cardinals,231,150,89.2,111.3,11.6,16,10.70%,61,40.70%,146,-4.2,13,0,6,37,0.883,9218
2020,Brandon Nimmo,Mets,225,143,87.2,106.9,7.6,11,7.70%,46,32.20%,148,-0.1,8,3,8,33,0.888,12927
2019,J.D. Martinez,Red Sox,657,443,91.4,112.6,12.5,48,10.80%,213,48.10%,139,-13.3,33,2,36,72,0.939,6184
2016,Nolan Arenado,Rockies,696,523,89.5,111.2,18.6,43,8.20%,206,39.40%,126,2.4,35,6,41,68,0.932,9777
2018,Brandon Nimmo,Mets,535,293,89.9,110.9,10.7,16,5.50%,123,42.00%,148,-3,28,8,17,80,0.886,12927
2017,Nelson Cruz,Mariners,645,423,93.2,117.7,12.4,58,13.70%,206,48.70%,146,-16,28,0,39,70,0.924,2434
2020,Brandon Lowe,Rays,224,137,89.8,111.4,18.1,24,17.50%,59,43.10%,150,-0.3,9,2,14,25,0.916,18882
2017,Daniel Murphy,Nationals,593,460,89.6,108.4,17.3,19,4.10%,192,41.70%,135,2.1,43,3,23,52,0.928,4316
2019,Jeff McNeil,Mets,567,436,89,107.2,13.8,19,4.40%,160,36.70%,143,-2.8,38,1,23,35,0.916,15362
2019,Pete Alonso,Mets,693,417,90.7,118.3,14.8,61,14.60%,176,42.20%,143,-11.5,30,2,53,72,0.941,19251
2020,Teoscar Hernandez,Blue Jays,207,129,93.3,115.9,15.3,23,17.80%,68,52.70%,143,-2,7,0,16,14,0.919,13066
2015,Anthony Rizzo,Cubs,701,488,88.6,112,17.3,36,7.40%,188,38.50%,145,-12.3,38,3,31,78,0.899,3473
2018,Trevor Story,Rockies,656,434,91,112.5,16,54,12.40%,198,45.60%,128,7.1,42,6,37,47,0.914,12564
2016,J.D. Martinez,Tigers,517,337,91.4,114.7,13.3,41,12.20%,155,46.00%,143,-5.4,35,2,22,49,0.908,6184
2016,Nelson Cruz,Mariners,667,437,94.6,116.3,11.2,69,15.80%,231,52.90%,148,-13.6,27,1,43,62,0.915,2434
2018,Anthony Rendon,Nationals,597,455,90.7,109.9,17.9,43,9.50%,203,44.60%,140,2,44,2,24,55,0.909,12861
2016,Paul Goldschmidt,Diamondbacks,705,438,91.1,112,11.1,31,7.10%,187,42.70%,133,-12,33,3,24,110,0.899,9218
2017,Marwin Gonzalez,Astros,515,361,88.7,109.8,11.7,22,6.10%,132,36.60%,144,-1.5,34,0,23,49,0.907,5497
2019,Eugenio Suarez,Reds,662,392,89.3,112.3,17.7,50,12.80%,157,40.10%,133,2.1,22,2,49,70,0.93,12552
2019,Mookie Betts,Red Sox,706,505,91,109.3,19,47,9.30%,239,47.30%,135,-6.3,40,5,29,97,0.915,13611
2015,Andrew McCutchen,Pirates,685,442,90.7,111.4,13.7,38,8.60%,196,44.30%,144,2,36,3,23,98,0.889,9847
2019,Trevor Story,Rockies,656,417,91,111.8,17.5,32,7.70%,192,46.00%,121,6.5,38,5,35,58,0.917,12564
2017,Cody Bellinger,Dodgers,548,337,90.8,112.8,17.5,39,11.60%,154,45.70%,138,-8.2,26,4,39,64,0.933,15998
2015,David Peralta,Diamondbacks,517,362,91.6,116,6.6,25,6.90%,154,42.50%,137,-5.3,26,10,17,44,0.893,2136
2017,Anthony Rizzo,Cubs,691,486,88.4,113.6,15.5,40,8.20%,188,38.70%,134,-11.5,32,3,32,91,0.899,3473
2019,Carlos Santana,Indians,686,467,91.8,112.8,11.7,44,9.40%,209,44.80%,136,-12.6,30,1,34,108,0.911,2396
2019,Austin Meadows,Rays,591,399,90.4,115.4,16.7,46,11.50%,171,42.90%,143,-8.6,29,7,33,54,0.922,15672
2019,Kris Bryant,Cubs,634,400,87.6,111.4,19.2,35,8.80%,135,33.80%,135,-0.4,35,1,31,74,0.903,15429
2019,Yoan Moncada,White Sox,559,361,93.1,115.8,12.3,39,10.80%,173,47.90%,140,1.8,34,5,25,40,0.915,17232
2016,Mookie Betts,Red Sox,730,599,89.8,114.7,12.5,28,4.70%,241,40.20%,136,-7.1,42,5,31,49,0.897,13611
2020,George Springer,Astros,222,155,88.7,115,18.4,19,12.30%,65,41.90%,146,0,6,2,14,24,0.899,12856
2015,David Ortiz,Red Sox,614,442,93,113.6,15.7,55,12.40%,219,49.50%,139,-15,37,0,37,77,0.913,745
2019,Josh Bell,Pirates,613,416,92.4,116.2,13.1,50,12.00%,193,46.40%,135,-10.7,37,3,37,74,0.936,13145
2019,Jorge Soler,Royals,679,418,92.5,115.7,15.5,68,16.30%,208,49.80%,136,-13.9,33,1,48,73,0.922,14221
2017,Justin Upton,- - -,635,378,88.8,114.2,15.7,46,12.20%,157,41.50%,137,-6.6,44,0,35,74,0.901,5222
2018,Freddie Freeman,Braves,707,492,89.1,109.6,14.5,45,9.10%,196,39.80%,137,-12.1,44,4,23,76,0.892,5361
2016,Ryan Braun,Brewers,564,416,90,114.7,4.5,34,8.20%,163,39.20%,134,-6,23,3,30,46,0.903,3410
2019,Josh Donaldson,Braves,659,396,92.9,114.2,13.3,60,15.20%,200,50.50%,132,2.1,33,0,37,100,0.9,5038
2017,Jose Abreu,White Sox,675,506,90.6,114.9,11.1,43,8.50%,231,45.70%,139,-12.2,43,6,33,35,0.906,15676
2019,Rafael Devers,Red Sox,702,531,92.5,115,10.5,43,8.10%,257,48.40%,133,2.2,54,4,32,48,0.916,17350
2018,Manny Machado,- - -,709,533,91.6,114.8,14.4,54,10.10%,257,48.20%,141,6.7,35,3,37,70,0.905,11493
2018,Eugenio Suarez,Reds,606,391,91.2,112.8,14.8,38,9.70%,178,45.50%,135,2.1,22,2,34,64,0.892,12552
2020,Tim Anderson,White Sox,221,159,87.2,108.8,6.7,16,10.10%,57,35.80%,142,2.1,11,1,10,10,0.886,15172
2017,Eric Hosmer,Royals,671,501,89.8,118,3.9,31,6.20%,195,38.90%,135,-12,31,1,25,66,0.882,3516
2017,George Springer,Astros,629,443,89.1,114.6,9.3,37,8.40%,189,42.70%,140,-2.1,29,0,34,64,0.889,12856
2018,Bryce Harper,Nationals,695,390,91,115.1,14.4,39,10.00%,176,45.10%,135,-3.7,34,0,34,130,0.889,11579
2018,Matt Carpenter,Cardinals,677,411,90.7,109.4,21.6,52,12.70%,183,44.50%,140,-4.3,42,0,36,102,0.897,8090
2017,Avisail Garcia,White Sox,561,408,90.3,115.5,7.6,35,8.60%,166,40.70%,138,-6.2,27,5,18,33,0.885,5760
2016,Matt Carpenter,Cardinals,566,372,90.6,111.1,18,39,10.50%,156,41.90%,136,-1.5,36,6,21,81,0.885,8090
2019,DJ LeMahieu,Yankees,655,517,91.9,111.1,6.6,36,7.00%,252,48.70%,135,-0.7,33,2,26,46,0.893,9874
2019,Jose Altuve,Astros,548,422,87.4,109.3,9.7,33,7.80%,142,33.60%,139,1.5,27,3,31,41,0.903,5417
2018,Jesus Aguilar,Brewers,566,359,89.8,110,16.2,39,10.90%,153,42.60%,135,-9.2,25,0,35,58,0.89,11342
2016,Brandon Belt,Giants,655,398,87.2,106.1,21.3,43,10.80%,130,32.70%,136,-11.5,41,8,17,104,0.868,10264
2016,Edwin Encarnacion,Blue Jays,702,472,90.8,112.8,15.6,53,11.20%,193,40.90%,136,-14.7,34,0,42,87,0.886,2151
2020,Jeimer Candelario,Tigers,206,136,90.2,110.8,13.3,14,10.30%,64,47.10%,136,-2.8,11,3,7,20,0.872,13621
2020,Eloy Jimenez,White Sox,226,158,92.4,113.6,5.7,26,16.50%,88,55.70%,140,-2.4,14,0,14,12,0.891,17484
2017,Edwin Encarnacion,Indians,669,427,89.2,112,16.6,44,10.30%,180,42.20%,130,-16,20,1,38,104,0.881,2151
2018,Xander Bogaerts,Red Sox,580,417,90.6,111.9,12.6,39,9.40%,173,41.50%,133,6.1,45,3,23,55,0.883,12161
2019,Trey Mancini,Orioles,679,464,90.3,113.9,7.8,46,9.90%,198,42.70%,134,-9.4,38,2,35,63,0.899,15149
2019,Marcus Semien,Athletics,747,556,88.9,108.2,14.9,41,7.40%,209,37.60%,138,7.4,43,7,33,87,0.892,12533
2019,Max Muncy,Dodgers,589,342,89.8,110.1,14.4,38,11.10%,147,43.00%,134,-2.2,22,1,35,90,0.889,13301
2015,Matt Carpenter,Cardinals,665,427,89.1,109.5,17.1,39,9.10%,157,36.80%,140,2.1,44,3,28,81,0.871,8090
2015,J.D. Martinez,Tigers,657,421,91.3,113.2,16.4,69,16.40%,205,48.70%,136,-7.8,33,2,38,53,0.879,6184
2016,Corey Seager,Dodgers,687,496,91.1,112.7,10.2,38,7.70%,218,44.00%,136,6.9,40,5,26,54,0.877,13624
2020,Lourdes Gurriel Jr.,Blue Jays,224,162,90.8,109.5,10.5,19,11.70%,80,49.40%,135,-2.6,14,0,11,14,0.882,19238
2017,Domingo Santana,Brewers,607,350,89.3,113.7,10.5,32,9.10%,141,40.30%,127,-6.2,29,0,30,73,0.875,10348
2016,Adrian Beltre,Rangers,640,520,90.1,109.9,14.6,41,7.90%,208,40.00%,127,0.8,31,1,32,48,0.879,639
2016,Jean Segura,Diamondbacks,694,542,89,110,7.8,30,5.50%,185,34.10%,126,2.8,41,7,20,39,0.867,5933
2015,Nolan Arenado,Rockies,665,517,90.7,110.2,16.1,41,7.90%,208,40.20%,121,2.3,43,4,42,34,0.898,9777
2017,Justin Smoak,Blue Jays,637,434,89.7,110,17.2,52,12.00%,186,42.90%,133,-11.4,29,1,38,73,0.883,9054
2019,Bryan Reynolds,Pirates,546,373,89.5,112.1,9.4,25,6.70%,153,41.00%,130,-4.1,37,4,16,46,0.88,19326
2015,A.J. Pollock,Diamondbacks,673,529,88.9,110.6,8.9,24,4.50%,207,39.10%,131,2.2,39,6,20,53,0.865,9256
2015,Kris Bryant,Cubs,650,365,89.7,111.5,19.4,39,10.70%,161,44.10%,136,1.5,31,5,26,77,0.858,15429
2015,Manny Machado,Orioles,713,528,91.4,114.9,12.9,39,7.40%,221,41.90%,135,2.6,30,1,35,70,0.861,11493
2016,Robinson Cano,Mariners,715,560,90.2,113.4,11.6,37,6.60%,242,43.20%,139,1.8,33,2,39,47,0.882,3269
2020,Trevor Story,Rockies,259,172,89.9,109,20.9,15,8.70%,71,41.30%,117,2.3,13,4,11,24,0.874,12564
2019,Justin Turner,Dodgers,549,396,90.3,107.7,17.8,29,7.30%,168,42.40%,132,1.4,24,0,27,51,0.881,5235
2016,Brian Dozier,Twins,691,484,88.1,107.7,18.9,39,8.10%,176,36.40%,132,2.1,35,5,42,61,0.886,9810
2016,Carlos Santana,Indians,688,488,90.8,111.2,14.3,44,9.00%,211,43.20%,130,-14.7,31,3,34,99,0.865,2396
2018,Joey Votto,Reds,623,405,88.1,107.5,13.4,27,6.70%,141,34.80%,130,-10.3,28,2,12,108,0.837,4314
2018,Matt Chapman,Athletics,616,403,93.1,115.3,14.9,33,8.20%,192,47.60%,139,2.2,42,6,24,58,0.864,16505
2016,Yoenis Cespedes,Mets,543,377,91.8,114.6,16.3,36,9.50%,180,47.70%,136,-2.4,25,1,31,51,0.884,13110
2020,Ian Happ,Cubs,231,136,91.1,109.1,9,14,10.30%,65,47.80%,132,0,11,1,12,30,0.866,17919
2019,Ronald Acuna Jr.,Braves,715,442,90.6,115.9,14.2,57,12.90%,208,47.10%,126,-1.3,22,2,41,76,0.883,18401
2017,Eric Thames,Brewers,551,306,88.2,112,12.9,35,11.40%,119,38.90%,125,-8.4,26,4,31,75,0.877,3711
2018,Francisco Lindor,Indians,745,560,90.6,114.5,14.7,51,9.10%,227,40.50%,132,7,42,2,38,70,0.871,12916
2018,David Peralta,Diamondbacks,614,438,91.5,114.8,6.7,33,7.50%,200,45.70%,130,-6.3,25,5,30,48,0.868,2136
2019,Matt Olson,Athletics,547,346,92.8,111.9,19.2,49,14.20%,171,49.40%,135,-9.6,26,0,36,51,0.896,14344
2015,Michael Brantley,Indians,596,483,89,110.1,9.4,17,3.50%,174,36.00%,133,-5.9,45,0,15,60,0.859,4106
2020,Xander Bogaerts,Red Sox,225,163,89,112.5,8.7,14,8.60%,60,36.80%,130,2.1,8,0,11,21,0.867,12161
2018,Charlie Blackmon,Rockies,696,495,87.5,110.4,12,29,5.90%,174,35.20%,117,2.2,31,7,29,59,0.86,7859
2017,Gary Sanchez,Yankees,525,355,90.8,115.7,13.1,41,11.50%,153,43.10%,131,5.6,20,0,33,40,0.876,11442
2016,Christian Yelich,Marlins,659,445,92.6,113.6,2.7,41,9.20%,224,50.30%,134,-5.1,38,3,21,72,0.859,11477
2016,Hanley Ramirez,Red Sox,620,433,90.4,114.9,9.3,36,8.30%,182,42.00%,127,-11,28,1,30,60,0.866,8001
2015,Yoenis Cespedes,- - -,676,497,92.2,112.9,12.1,53,10.70%,224,45.10%,135,-5,42,6,35,33,0.87,13110
2016,Dexter Fowler,Cubs,551,337,88,109.6,12.4,18,5.30%,109,32.30%,129,1.7,25,7,13,79,0.84,4062
2019,Michael Brantley,Astros,637,513,88.8,108.9,10.6,27,5.30%,187,36.50%,134,-7.9,40,2,22,51,0.875,4106
2018,Mitch Haniger,Mariners,683,455,90.2,112.8,12.7,41,9.00%,195,42.90%,137,-5.8,38,4,26,70,0.859,14274
2018,Javier Baez,Cubs,645,444,90.6,113.7,9.6,50,11.30%,190,42.80%,131,3.8,40,9,34,29,0.881,12979
2016,Manny Machado,Orioles,696,525,90.3,116.8,14.7,47,9.00%,227,43.20%,131,3.7,40,1,37,48,0.876,11493
2015,Ryan Braun,Brewers,568,395,92.2,114.9,7.6,38,9.60%,182,46.10%,131,-6.2,27,3,25,54,0.854,3410
2017,Yonder Alonso,- - -,521,333,89.2,111.5,19.4,31,9.30%,136,40.80%,133,-9.3,22,0,28,68,0.866,2530
2017,Buster Posey,Giants,568,433,88.7,109.6,11.5,15,3.50%,149,34.40%,128,4.1,34,0,12,61,0.861,9166
2019,Bryce Harper,Phillies,682,399,91.9,116.4,13.8,54,13.50%,182,45.60%,125,-7,36,1,35,99,0.882,11579
2018,Khris Davis,Athletics,654,408,92.5,112.8,18.1,68,16.70%,194,47.50%,136,-15.5,28,1,48,59,0.874,9112
2015,Shin-Soo Choo,Rangers,653,415,91,111.5,7.7,32,7.70%,186,44.80%,128,-6.6,32,3,22,76,0.838,3174
2019,Yuli Gurriel,Astros,612,505,89.3,110.6,14.3,16,3.20%,189,37.40%,132,-7.2,40,2,31,37,0.884,19198
2020,A.J. Pollock,Dodgers,210,153,89.6,110,13,16,10.50%,66,43.10%,132,-2,9,0,16,12,0.881,9256
2017,Corey Seager,Dodgers,613,411,89.7,110.9,11.1,33,8.00%,181,44.00%,127,5.9,33,0,22,67,0.854,13624
2015,Kendrys Morales,Royals,639,470,91.9,113.4,10,40,8.50%,224,47.70%,131,-15.9,41,2,22,58,0.847,8610
2017,Joey Gallo,Rangers,532,253,93.3,117.3,23,53,20.90%,134,53.00%,119,-3.8,18,3,41,75,0.869,14128
2015,Carlos Gonzalez,Rockies,608,428,90.2,117.1,8.8,42,9.80%,167,39.00%,116,-6.3,25,2,40,46,0.864,7287
2020,Chris Taylor,Dodgers,214,131,88,109.6,9.1,15,11.50%,59,45.00%,132,-0.4,10,2,8,26,0.842,13757
2018,Jose Altuve,Astros,599,459,87.2,112.3,10.1,24,5.20%,155,33.80%,135,1.3,29,2,13,55,0.837,5417
2018,Rhys Hoskins,Phillies,660,414,88.9,112,22.3,44,10.60%,161,38.90%,128,-7.4,38,0,34,87,0.85,16472
2015,Buster Posey,Giants,623,512,89,110.3,10.7,28,5.50%,191,37.30%,135,4.6,28,0,19,56,0.849,9166
2019,Tim Anderson,White Sox,518,391,88.3,107.8,8.7,19,4.90%,148,37.90%,129,5.4,32,0,18,15,0.865,15172
2018,Nicholas Castellanos,Tigers,678,472,89.6,110.3,15.2,50,10.60%,191,40.50%,129,-7.9,46,5,23,49,0.854,11737
2016,Kyle Seager,Mariners,676,491,90.4,109.2,16.8,41,8.40%,205,41.80%,134,2.2,36,3,30,69,0.859,9785
2017,Logan Morrison,Rays,601,366,88.6,114.4,17.6,46,12.60%,157,42.90%,131,-11.1,22,1,38,81,0.868,9205
2020,Kole Calhoun,Diamondbacks,228,144,89.4,109,17.1,17,11.80%,55,38.20%,125,-2.7,9,0,16,28,0.864,11200
2020,Michael Brantley,Astros,187,142,88.7,105.3,10.2,7,4.90%,52,36.60%,135,-3.6,15,0,5,17,0.84,4106
2020,Alex Verdugo,Red Sox,221,157,87,109.5,5.9,10,6.40%,54,34.40%,126,-2.2,16,0,6,17,0.844,17027
2017,Brian Dozier,Twins,705,478,87.9,111.8,16.7,36,7.50%,166,34.70%,126,2.2,30,4,34,78,0.856,9810
2019,Joc Pederson,Dodgers,514,341,91.2,113.7,15.2,34,10.00%,146,42.80%,127,-5.5,16,3,36,50,0.876,11899
2018,Scooter Gennett,Reds,638,467,87.3,108.5,14,24,5.10%,149,31.90%,125,1.8,30,3,23,42,0.847,10339
2016,Jonathan Lucroy,- - -,544,394,87.6,110.9,14.5,27,6.90%,138,35.00%,123,8.4,24,3,24,47,0.855,7870
2016,Wilson Ramos,Nationals,523,407,90.8,111.5,4.8,27,6.60%,175,43.00%,123,9.4,25,0,22,35,0.85,1433
2016,Carlos Gonzalez,Rockies,632,456,90.2,118,8.8,38,8.30%,188,41.20%,110,-6.5,42,2,25,46,0.855,7287
2017,Chris Taylor,Dodgers,568,373,87,110.1,12.1,23,6.20%,127,34.00%,126,-0.6,34,5,21,50,0.85,13757
2015,Jose Abreu,White Sox,668,474,91,114.9,9.8,42,8.90%,197,41.60%,131,-12.9,34,3,30,39,0.85,15676
2017,Khris Davis,Athletics,652,378,92.2,113.5,14.2,64,16.90%,197,52.10%,130,-9.1,28,1,43,73,0.864,9112
2015,Alex Rodriguez,Yankees,620,385,91.4,116.5,12.1,41,10.60%,169,43.90%,129,-14.7,22,1,33,84,0.842,1274
2018,Miguel Andujar,Yankees,606,480,89.2,110.4,12.2,29,6.00%,175,36.50%,129,0.5,47,2,27,25,0.855,15878
2017,Travis Shaw,Brewers,606,404,88.6,113.7,14.9,26,6.40%,159,39.40%,120,1.9,34,1,31,60,0.862,11982
2018,Nelson Cruz,Mariners,591,400,93.9,117,12.8,54,13.50%,205,51.30%,133,-14.8,18,1,37,55,0.85,2434
2019,Yasmani Grandal,Brewers,632,379,90.7,111.3,14.2,39,10.30%,156,41.20%,122,8.1,26,2,28,109,0.848,11368
2020,J.T. Realmuto,Phillies,195,125,90.9,112.4,11.8,17,13.60%,53,42.40%,125,1.5,6,0,11,16,0.84,11739
2017,Matt Carpenter,Cardinals,622,379,89.7,113,22.6,30,7.90%,139,36.70%,124,-8,31,2,23,109,0.835,8090
2015,Prince Fielder,Rangers,693,530,90.8,114.9,9.9,29,5.50%,235,44.30%,125,-16.3,28,0,23,64,0.841,4613
2015,Lorenzo Cain,Royals,604,457,90.2,111,9.5,21,4.60%,175,38.30%,128,1.6,34,6,16,37,0.838,9077
2017,Andrew McCutchen,Pirates,650,457,88.4,109.5,14.2,31,6.80%,175,38.30%,122,1.2,30,2,28,73,0.849,9847
2016,Ben Zobrist,Cubs,631,449,89.1,110.4,9.5,18,4.00%,158,35.20%,124,0.2,31,3,18,96,0.831,7435
2019,Hunter Dozier,Royals,586,380,91.1,115.1,16.7,34,8.90%,163,42.90%,123,-1.5,29,10,26,55,0.87,15117
2018,Aaron Hicks,Yankees,581,377,89.7,110,13.2,32,8.50%,162,43.00%,129,1.6,18,3,27,90,0.833,5297
2019,Luke Voit,Yankees,510,288,89.9,112.6,12.6,38,13.20%,122,42.40%,125,-9.7,21,1,21,71,0.842,14811
2018,Giancarlo Stanton,Yankees,705,416,93.7,121.7,11.6,61,14.70%,211,50.70%,128,-12.5,34,1,38,70,0.852,4949
2020,Jeff McNeil,Mets,209,162,86.6,106.2,11.5,4,2.50%,43,26.50%,130,-1.2,14,0,4,20,0.836,15362
2018,Lorenzo Cain,Brewers,620,447,89.1,112.4,4.9,12,2.70%,181,40.50%,125,2,25,2,10,71,0.813,9077
2015,Brandon Belt,Giants,556,349,89.9,109.4,15.9,34,9.70%,148,42.40%,132,-9.5,33,5,18,56,0.834,10264
2018,Michael Brantley,Indians,631,518,90.2,108.6,9.5,16,3.10%,192,37.10%,125,-6.6,36,2,17,48,0.832,4106
2018,Anthony Rizzo,Cubs,665,495,90.1,112.6,14.7,29,5.90%,200,40.40%,126,-11.4,29,1,25,70,0.846,3473
2015,Lucas Duda,Mets,554,336,91.8,114.1,20,37,11.00%,141,42.00%,132,-9.7,33,0,27,66,0.838,2502
2018,Tommy Pham,- - -,570,357,92.9,112.1,6.6,34,9.50%,177,49.60%,130,-0.4,18,6,21,67,0.83,2967
2019,Gleyber Torres,Yankees,604,424,89.1,109.6,17.6,40,9.40%,156,36.80%,124,3.8,26,0,38,48,0.871,16997
2019,Michael Conforto,Mets,648,405,89.2,112.2,15.9,44,10.90%,158,39.00%,126,-4.7,29,1,33,84,0.856,16376
2016,Carlos Beltran,- - -,593,455,90.2,110.9,12.5,29,6.40%,178,39.10%,122,-10.5,33,0,29,35,0.85,589
2016,Mark Trumbo,Orioles,667,443,92.8,117.2,15.1,65,14.70%,201,45.40%,125,-10.8,27,1,47,51,0.85,6876
2016,Dustin Pedroia,Red Sox,698,564,88.5,104.1,8.6,11,2.00%,163,28.90%,121,2.2,36,1,15,61,0.825,8370
2017,Mark Reynolds,Rockies,593,348,87.2,112.1,11.8,27,7.80%,125,35.90%,105,-10.4,22,1,30,69,0.839,7619
2019,Nicholas Castellanos,- - -,664,475,88.9,111.2,13.9,48,10.10%,196,41.30%,121,-7.4,58,3,27,41,0.863,11737
2018,Andrew Benintendi,Red Sox,661,482,88.6,109.5,12.8,29,6.00%,160,33.20%,123,-5.2,41,6,16,71,0.83,17901
2017,Josh Reddick,Astros,540,425,87.6,110.2,17.8,15,3.50%,130,30.60%,127,-5.1,34,4,13,43,0.847,3892
2020,Donovan Solano,Giants,203,152,88.5,108.1,15.5,7,4.60%,53,34.90%,126,0.7,15,1,3,10,0.828,8623
2019,Kyle Schwarber,Cubs,610,379,93.5,117.6,15.5,53,14.00%,193,50.90%,121,-6.2,29,3,38,70,0.871,16478
2015,Curtis Granderson,Mets,682,433,89.5,109.6,18.3,33,7.60%,175,40.40%,131,-6.6,33,2,26,91,0.821,4747
2016,Ian Kinsler,Tigers,679,506,87.2,105.5,18.3,18,3.60%,156,30.80%,124,2.1,29,4,28,45,0.831,6195
2017,Eugenio Suarez,Reds,632,392,86.1,108.8,14.7,25,6.40%,125,31.90%,116,2.2,25,2,26,84,0.828,12552
2018,Jose Martinez,Cardinals,590,435,91,113.8,8.1,39,9.00%,192,44.10%,127,-8.4,30,0,17,49,0.821,7996
2019,Trea Turner,Nationals,569,410,90.4,113.5,9.9,25,6.10%,172,42.00%,117,5.5,37,5,19,43,0.85,16252
2020,Jake Cronenworth,Padres,192,143,89.8,110.1,10.6,15,10.50%,61,42.70%,125,0.1,15,3,4,18,0.831,18036
2016,Jonathan Villar,Brewers,679,424,90.2,114,4.8,21,5.00%,163,38.40%,120,5.4,38,3,19,79,0.826,10071
2018,Shin-Soo Choo,Rangers,665,407,89.3,109.5,6.1,42,10.30%,163,40.00%,117,-11.8,30,1,21,92,0.81,3174
2020,Cavan Biggio,Blue Jays,265,160,87.4,103.6,16.7,8,5.00%,49,30.60%,124,0,16,0,8,41,0.807,19252
2020,Tommy La Stella,- - -,228,187,88,108.8,17.1,9,4.80%,53,28.30%,129,-1.2,14,2,5,27,0.819,12371
2019,Max Kepler,Twins,596,429,89.7,112.5,18.2,36,8.40%,179,41.70%,121,-2.8,32,0,36,60,0.855,12144
2015,Jason Kipnis,Indians,641,468,89.3,106.9,9.2,13,2.80%,180,38.50%,124,0.1,43,7,9,57,0.823,9776
2017,Jonathan Schoop,Orioles,675,487,87.6,116,13,33,6.80%,176,36.10%,120,2.5,35,0,32,35,0.841,11265
2016,Jose Ramirez,Indians,618,508,88.4,110.7,13.2,13,2.60%,168,33.10%,119,-0.2,46,3,11,44,0.825,13510
2018,Ben Zobrist,Cubs,520,403,89.9,107.5,9,11,2.70%,154,38.20%,123,-2.5,28,3,9,55,0.817,7435
2015,Eric Hosmer,Royals,667,495,89.8,113.9,6.1,33,6.70%,202,40.80%,124,-11.7,33,5,18,61,0.822,3516
2016,Jose Bautista,Blue Jays,517,324,91.5,115.3,14.6,26,8.00%,148,45.70%,123,-6.9,24,1,22,87,0.817,1887
2019,Matt Chapman,Athletics,670,439,92.7,114.4,16.4,48,10.90%,211,48.10%,126,2.3,36,3,36,73,0.848,16505
2015,Adrian Gonzalez,Dodgers,643,468,88.7,107.9,14.1,36,7.70%,175,37.40%,129,-11.1,33,0,28,62,0.83,1908
2016,Jackie Bradley Jr.,Red Sox,636,420,90.2,109.1,10.2,33,7.90%,169,40.20%,118,2.4,30,7,26,63,0.835,12984
2019,Ryan Braun,Brewers,508,361,91.5,111.7,7.2,31,8.60%,160,44.30%,117,-4.9,31,2,22,34,0.849,3410
2019,Ozzie Albies,Braves,702,532,88.9,110.8,15.6,33,6.20%,181,34.00%,116,2.4,43,8,24,54,0.852,16556
2015,Mike Moustakas,Royals,614,482,89.5,112.5,15.2,26,5.40%,178,36.90%,123,2.2,34,1,22,43,0.817,4892
2019,Shin-Soo Choo,Rangers,660,399,91.9,111.8,9.2,32,8.00%,195,48.90%,112,-10.1,31,2,24,78,0.826,3174
2018,Gregory Polanco,Pirates,535,354,88.8,112.9,20,32,9.00%,132,37.30%,123,-5.5,32,6,23,61,0.839,12907
2018,J.T. Realmuto,Marlins,531,379,89,109.8,14.7,31,8.20%,154,40.60%,127,7.4,30,3,21,38,0.825,11739
2016,Justin Turner,Dodgers,622,457,90.5,109.2,17,37,8.10%,187,40.90%,123,1.9,34,3,27,48,0.832,5235
2016,George Springer,Astros,744,467,89.4,115.9,8.7,47,10.10%,177,37.90%,126,-8,29,5,29,88,0.815,12856
2019,Starling Marte,Pirates,586,451,88.6,111.6,8.2,36,8.00%,171,37.90%,118,2,31,6,23,25,0.845,9241
2017,Jake Lamb,Diamondbacks,635,389,88.3,109.4,12.2,31,8.00%,146,37.50%,111,2.1,30,4,30,87,0.844,13329
2017,Francisco Lindor,Indians,723,566,89,111.7,14.5,38,6.70%,201,35.50%,116,7,44,4,33,60,0.842,12916
2019,Jorge Polanco,Twins,704,524,88.1,108.2,19,33,6.30%,172,32.80%,120,5.2,40,7,22,60,0.841,13152
2016,Jake Lamb,Diamondbacks,594,373,91.3,111.6,10.3,42,11.30%,161,43.20%,114,2,31,9,29,64,0.84,13329
2020,Jackie Bradley Jr.,Red Sox,217,144,88.3,112.4,4.4,11,7.60%,52,36.10%,120,0.8,11,0,7,23,0.814,12984
2018,Yasmani Grandal,Dodgers,518,319,88.9,111,14.1,35,11.00%,127,39.80%,125,8.8,23,2,24,72,0.815,11368
2019,Danny Santana,Rangers,511,329,91.4,113.1,13.4,29,8.80%,143,43.50%,111,-3.3,23,6,28,25,0.857,10322
2015,Mookie Betts,Red Sox,654,524,90.3,110.3,15.2,26,5.00%,197,37.60%,120,1.4,42,8,18,46,0.82,13611
2020,Mark Canha,Athletics,243,142,89.7,108.9,19.4,11,7.70%,55,38.70%,128,-3.5,12,2,5,37,0.795,11445
2020,Aaron Hicks,Yankees,211,131,88.2,109.5,11.1,9,6.90%,50,38.20%,123,0.6,10,2,6,41,0.793,5297
2016,Starling Marte,Pirates,529,386,87.5,111.6,9.2,20,5.20%,142,36.80%,120,-4.8,34,5,9,23,0.818,9241
2017,Alex Bregman,Astros,626,467,87.6,105.6,16.4,16,3.40%,161,34.50%,123,2.8,39,5,19,55,0.827,17678
2018,Stephen Piscotty,Athletics,605,437,88.5,111.6,13.2,38,8.70%,168,38.40%,126,-6.8,41,0,27,42,0.821,13367
2016,Victor Martinez,Tigers,610,466,90,110.2,15.5,34,7.30%,194,41.60%,120,-15.3,22,0,27,50,0.826,393
2018,Travis Shaw,Brewers,587,397,88.9,114.6,16.9,37,9.30%,151,38.00%,119,1.5,23,0,32,78,0.825,11982
2020,Robbie Grossman,Athletics,192,128,89,108.1,15.2,7,5.50%,48,37.50%,127,-2.2,12,2,8,21,0.826,5254
2015,Adam Lind,Brewers,572,405,89.5,109.8,10.8,25,6.20%,146,36.00%,120,-10.1,32,0,20,66,0.82,8027
2017,Carlos Santana,Indians,667,479,88.6,112.3,12.9,33,6.90%,184,38.40%,115,-11.5,37,3,23,88,0.818,2396
2018,Didi Gregorius,Yankees,569,445,87,109.4,16,18,4.00%,136,30.60%,122,5.9,23,5,27,48,0.829,6012
2017,Jay Bruce,- - -,617,419,88.4,111.5,18.4,39,9.30%,163,38.90%,118,-7,29,2,36,57,0.832,9892
2020,David Fletcher,Angels,230,185,84.7,107,4.1,1,0.50%,33,17.80%,123,1.5,13,0,3,20,0.801,17992
2016,Evan Longoria,Rays,685,496,90.8,110.2,18.2,57,11.50%,207,41.70%,123,1.4,41,4,36,42,0.84,9368
2015,Logan Forsythe,Rays,615,435,88.3,108.7,15.4,14,3.20%,136,31.30%,125,0,33,2,17,55,0.804,7185
2015,Ben Zobrist,- - -,535,416,88.5,107.8,8.2,13,3.10%,144,34.60%,122,-1.6,36,3,13,62,0.809,7435
2017,Eddie Rosario,Twins,589,448,87.3,107.5,13.3,30,6.70%,145,32.40%,117,-6.2,33,2,27,35,0.836,12155
2020,Trent Grisham,Padres,252,154,88.3,111.9,13.5,17,11.00%,64,41.60%,121,0.9,8,3,10,31,0.808,18564
2020,Kyle Lewis,Mariners,242,137,88.3,110.9,11.1,16,11.70%,47,34.30%,126,0.7,3,0,11,34,0.801,19508
2018,Whit Merrifield,Royals,707,526,87,106.4,16.9,22,4.20%,163,31.00%,119,0.1,43,3,12,61,0.806,11281
2019,Francisco Lindor,Indians,654,507,91,113.5,12.2,36,7.10%,207,40.80%,115,5.6,40,2,32,46,0.854,12916
2017,Trey Mancini,Orioles,586,408,88.6,115.5,7.3,38,9.30%,166,40.70%,116,-8.5,26,4,24,33,0.826,15149
2016,Khris Davis,Athletics,610,394,91.9,115.9,13.3,65,16.50%,190,48.20%,122,-9.8,24,2,42,42,0.831,9112
2016,Carlos Correa,Astros,660,441,91,118.2,6.9,33,7.50%,190,43.10%,123,7,36,3,20,75,0.811,14162
2018,Justin Smoak,Blue Jays,594,352,89.5,110.7,15,38,10.80%,147,41.80%,121,-10.6,34,0,25,83,0.808,9054
2017,Joe Mauer,Twins,597,445,90.6,108.2,6.2,17,3.80%,204,45.80%,117,-10.3,36,1,7,66,0.801,1857
2019,Tommy Pham,Rays,654,445,90.9,113.3,5.2,32,7.20%,200,44.90%,122,-7.9,33,2,21,81,0.818,2967
2016,Jose Abreu,White Sox,695,508,89.7,113.4,10.3,36,7.10%,200,39.40%,121,-12.4,32,1,25,47,0.82,15676
2020,Kyle Tucker,Astros,228,164,91.1,110.9,14.9,15,9.10%,72,43.90%,126,-3.1,12,6,9,18,0.837,18345
2017,Yasiel Puig,Dodgers,570,404,88.5,116,10.4,34,8.40%,151,37.40%,117,-6.2,24,2,28,64,0.833,14225
2020,Dansby Swanson,Braves,264,167,89,109.3,14.7,19,11.40%,68,40.70%,116,2.6,15,0,10,22,0.809,18314
2019,Mike Moustakas,Brewers,584,427,89.5,112.9,17.4,43,10.10%,173,40.50%,114,1.9,30,1,35,53,0.845,4892
2020,Adam Duvall,Braves,209,137,88.1,114.2,22.9,19,13.90%,55,40.10%,116,-2.3,8,0,16,15,0.833,10950
2015,Yunel Escobar,Nationals,591,468,89.7,109.5,4.1,12,2.60%,171,36.50%,120,1.6,25,1,9,45,0.79,4191
2017,Steven Souza Jr.,Rays,617,347,88.8,116.2,11.6,41,11.80%,133,38.30%,121,-6.8,21,2,30,84,0.81,5667
2018,Justin Upton,Angels,613,363,90.7,114.9,11.9,49,13.50%,172,47.40%,121,-6.6,18,1,30,64,0.808,5222
2018,Matt Kemp,Dodgers,506,354,89.7,111.4,15.9,37,10.50%,134,37.90%,122,-5,25,0,21,36,0.818,5631
2017,Christian Yelich,Marlins,695,472,90.7,112.4,4.7,29,6.10%,215,45.60%,117,2.3,36,2,18,80,0.807,11477
2015,Mitch Moreland,Rangers,515,364,91.3,112.5,11.5,35,9.60%,165,45.30%,117,-9.2,27,0,23,32,0.812,3086
2020,Brian Anderson,Marlins,229,135,87.2,109.5,9.7,13,9.60%,51,37.80%,122,0.6,7,1,11,22,0.81,18289
2020,Didi Gregorius,Phillies,237,190,83.7,104.7,18,7,3.70%,51,26.80%,117,2.4,10,2,10,15,0.827,6012
2016,Xander Bogaerts,Red Sox,719,532,89,113.2,11.1,27,5.10%,178,33.50%,114,7.1,34,1,21,58,0.802,12161
2016,Michael Saunders,Blue Jays,558,337,90.1,111.2,11.1,25,7.40%,151,44.80%,119,-6.4,32,3,24,59,0.815,9981
2020,Joey Votto,Reds,223,143,87.4,113.2,15.4,13,9.10%,51,35.70%,114,-4,8,0,11,37,0.8,4314
2018,Jed Lowrie,Athletics,680,471,89.2,108,17.4,26,5.50%,177,37.60%,124,1.8,37,1,23,78,0.801,4418
2020,Wilmer Flores,Giants,213,163,87.9,107.8,19,10,6.10%,56,34.40%,120,-3,11,1,12,13,0.83,5827
2020,Jesus Aguilar,Marlins,216,152,89.6,109.9,15.5,10,6.60%,56,36.80%,122,-4.4,10,0,8,23,0.809,11342
2015,Jose Altuve,Astros,689,580,86.2,106.5,11.2,19,3.30%,167,28.80%,124,2.2,40,4,15,33,0.812,5417
2016,Jason Kipnis,Indians,688,476,90,108.2,14.9,29,6.10%,190,39.90%,114,1.8,41,4,23,60,0.811,9776
2018,Andrew McCutchen,- - -,682,431,90,110.9,13.5,34,7.90%,179,41.50%,121,-7.1,30,3,20,95,0.792,9847
2019,Javier Baez,Cubs,561,377,91.1,114.1,7.7,47,12.50%,163,43.20%,114,5.5,38,4,29,28,0.847,12979
2017,Jed Lowrie,Athletics,645,470,88.9,106.3,18.6,26,5.50%,175,37.20%,120,0.5,49,3,14,73,0.808,4418
2018,C.J. Cron,Rays,560,361,88,114.4,15.2,43,11.90%,132,36.60%,124,-12,28,1,30,37,0.816,12546
2020,Willy Adames,Rays,205,111,88.8,109.1,12.5,11,9.90%,44,39.60%,124,2.3,15,1,8,20,0.813,15986
2019,Rhys Hoskins,Phillies,705,405,89.8,111,23.9,34,8.40%,156,38.50%,113,-12.2,33,5,29,116,0.819,16472
2020,Renato Nunez,Orioles,216,132,86.3,110.3,21.1,16,12.10%,48,36.40%,120,-4.3,10,0,12,17,0.816,14503
2017,Lorenzo Cain,Royals,645,486,89.2,112,10.2,16,3.30%,171,35.20%,115,1.9,27,5,15,54,0.803,9077
2015,Carlos Beltran,Yankees,531,399,90.6,112.8,15.3,17,4.30%,168,42.10%,119,-5.8,34,1,19,45,0.808,589
2015,Adam Eaton,White Sox,689,486,88.2,108.3,7.6,14,2.90%,149,30.70%,121,1.4,28,9,14,58,0.792,11205
2018,Johan Camargo,Braves,524,359,88,109.6,12.6,17,4.70%,121,33.70%,115,2.4,27,1,19,51,0.806,14950
2018,Edwin Encarnacion,Indians,579,376,89.9,112.2,18,39,10.40%,152,40.40%,116,-14.1,16,1,32,63,0.81,2151
2016,Chris Carter,Brewers,644,353,91.8,114.3,18.5,58,16.40%,164,46.50%,113,-11.7,27,1,41,76,0.821,9911
2018,Eduardo Escobar,- - -,631,448,86.5,108.8,18.9,35,7.80%,122,27.20%,117,2.9,48,3,23,52,0.824,6153
2017,Cesar Hernandez,Phillies,577,408,85.7,107.8,4.5,11,2.70%,121,29.70%,111,1.9,26,6,9,61,0.793,10556
2019,Paul Goldschmidt,Cardinals,682,436,90.1,111.5,15.4,46,10.60%,182,41.70%,116,-11.7,25,1,34,78,0.821,9218
2015,Jason Heyward,Cardinals,610,462,89.2,111.2,4.6,13,2.80%,163,35.30%,121,-6.2,33,4,13,56,0.797,4940
2019,Christian Walker,Diamondbacks,603,375,91.1,112.4,14.7,43,11.50%,183,48.80%,111,-10.4,26,1,29,67,0.825,13419
2020,Christian Vazquez,Red Sox,189,130,88.4,108.8,14.4,6,4.60%,52,40.00%,115,2.6,9,0,7,16,0.801,9774
2016,Asdrubal Cabrera,Mets,568,420,88.9,107.7,15.5,20,4.80%,140,33.30%,120,5.9,30,1,23,38,0.81,4962
2016,Stephen Piscotty,Cardinals,649,453,88.3,110.7,13.7,39,8.60%,170,37.50%,116,-6.2,35,3,22,51,0.8,13367
2018,Cody Bellinger,Dodgers,632,409,89.8,112.9,16.2,35,8.60%,156,38.10%,120,-6,28,7,25,69,0.814,15998
2015,Charlie Blackmon,Rockies,682,511,86.7,108.9,15,16,3.10%,148,29.00%,103,1.6,31,9,17,46,0.797,7859
2016,Yasmany Tomas,Diamondbacks,563,395,90.6,114.3,9.9,40,10.10%,168,42.50%,109,-6,30,1,31,31,0.82,17171
2017,Mike Moustakas,Royals,598,467,87.4,112.9,18.2,38,8.10%,157,33.60%,113,0,24,0,38,34,0.835,4892
2018,Nick Markakis,Braves,705,552,90.6,109.3,10,14,2.50%,229,41.50%,114,-7.5,43,2,14,72,0.806,5930
2017,Yuli Gurriel,Astros,564,473,89.9,114.4,10.4,15,3.20%,204,43.10%,118,-9.7,43,1,18,22,0.817,19198
2016,Elvis Andrus,Rangers,568,447,87.5,108.4,8.9,8,1.80%,143,32.00%,109,6.7,31,7,8,47,0.8,8709
2019,Brett Gardner,Yankees,550,386,87.8,109.7,13.9,13,3.40%,126,32.60%,115,-0.5,26,7,28,52,0.829,9927
2019,Jose Abreu,White Sox,693,492,92.1,117.9,10.9,59,12.00%,237,48.20%,116,-13.1,38,1,33,36,0.834,15676
2016,Adam Eaton,White Sox,706,514,88.9,108.6,5,14,2.70%,183,35.60%,117,-4.6,29,9,14,63,0.79,11205
2017,Elvis Andrus,Rangers,689,547,86.5,108.1,7.6,20,3.70%,172,31.40%,105,6.9,44,4,20,38,0.808,8709
2019,Eloy Jimenez,White Sox,504,336,91.2,114.1,9.3,41,12.20%,161,47.90%,116,-5.8,18,2,31,30,0.828,17484
2016,Bryce Harper,Nationals,627,399,88.9,112.7,15.1,29,7.30%,144,36.10%,111,-6.4,24,2,24,108,0.814,11579
2018,Joey Gallo,Rangers,577,293,94.3,117.5,21.9,65,22.20%,144,49.10%,108,-6.7,24,1,40,74,0.81,14128
2015,Christian Yelich,Marlins,525,375,91.7,112.5,0,16,4.30%,170,45.30%,120,-3.6,30,2,7,47,0.782,11477
2020,Christian Yelich,Brewers,247,124,94,112,7.1,15,12.10%,69,55.60%,113,-3,7,1,12,46,0.786,11477
2018,Kyle Schwarber,Cubs,510,291,90.9,117.1,12.3,36,12.40%,131,45.00%,115,-5.5,14,3,26,78,0.823,16478
2017,Matt Joyce,Athletics,544,363,88.3,109.7,14.9,29,8.00%,126,34.70%,117,-5.7,33,0,25,66,0.808,3353
2016,Mike Napoli,Indians,645,368,89.6,114.2,18.5,48,13.00%,143,38.90%,111,-12.9,22,1,34,78,0.8,3057
2016,Anthony Rendon,Nationals,647,458,91.1,111.4,16.9,25,5.50%,195,42.60%,110,2.3,38,2,20,65,0.797,12861
2016,Melky Cabrera,White Sox,646,530,89.5,110.6,11.2,10,1.90%,182,34.30%,116,-7,42,5,14,47,0.8,4022
2018,Michael Conforto,Mets,638,388,88.1,112.4,12.3,33,8.50%,145,37.40%,119,-3.2,25,1,28,84,0.797,16376
2015,Todd Frazier,Reds,678,490,89.5,111.7,18.8,40,8.20%,188,38.40%,116,2.4,43,1,35,44,0.806,785
2019,Brian Anderson,Marlins,520,348,89.9,114.4,11.2,27,7.80%,160,46.00%,115,-1.5,33,1,20,44,0.811,18289
2020,Pete Alonso,Mets,239,148,90.2,118.4,15.5,19,12.80%,60,40.50%,118,-4.6,6,0,16,24,0.817,19251
2017,David Peralta,Diamondbacks,577,434,88.1,113.8,4.1,14,3.20%,155,35.70%,104,-5.7,31,3,14,43,0.796,2136
2016,Danny Valencia,Athletics,517,358,90.1,113.8,9.8,25,7.00%,145,40.50%,117,-2.3,22,1,17,41,0.792,6364
2016,Yadier Molina,Cardinals,581,473,87.7,106.6,9.4,13,2.70%,131,27.70%,114,10.4,38,1,8,39,0.787,7007
2017,DJ LeMahieu,Rockies,682,527,89.2,109.2,3.3,8,1.50%,217,41.20%,94,2.2,28,4,8,59,0.783,9874
2019,Adam Eaton,Nationals,656,472,88.9,110.7,15.3,17,3.60%,162,34.30%,108,-6.3,25,7,15,65,0.792,11205
2016,Wil Myers,Padres,676,444,88.6,113.2,10,31,7.00%,174,39.20%,114,-11.4,29,4,28,68,0.797,10047
2019,Eduardo Escobar,Diamondbacks,699,516,87.7,106.9,18.3,33,6.40%,162,31.40%,108,2.2,29,10,35,50,0.831,6153
2018,Jurickson Profar,Rangers,594,440,87.3,112.2,12.4,19,4.30%,140,31.80%,107,2,35,6,20,54,0.793,10815
2016,Buster Posey,Giants,614,479,90.5,110.2,10.1,31,6.50%,207,43.20%,114,7.8,33,2,14,64,0.796,9166
2017,Corey Dickerson,Rays,629,439,87.2,112.9,13.9,30,6.80%,140,31.90%,116,-9.8,33,4,27,35,0.815,10762
2017,Nicholas Castellanos,Tigers,665,477,89.1,110.5,14.2,44,9.20%,199,41.70%,111,0.2,36,10,26,41,0.811,11737
2020,Kevin Pillar,- - -,223,167,87.1,108,13.4,9,5.40%,61,36.50%,106,-1,12,3,6,13,0.798,12434
2020,Franmil Reyes,Indians,241,147,92.4,114.7,11.2,19,12.90%,66,44.90%,113,-6.2,10,0,9,24,0.795,14566
2015,Francisco Cervelli,Pirates,510,362,88.2,111.1,6.9,14,3.90%,128,35.40%,117,9.3,17,5,7,46,0.771,5275
2018,Corey Dickerson,Pirates,533,428,87.9,111.4,15.1,23,5.40%,135,31.50%,114,-5.5,35,7,13,21,0.804,10762
2020,Colin Moran,Pirates,200,127,91.9,112,8.3,17,13.40%,60,47.20%,113,-4.2,10,0,10,19,0.797,16909
2016,Francisco Lindor,Indians,684,534,88.8,112.1,8,21,3.90%,180,33.70%,109,6.9,30,3,15,57,0.794,12916
2019,Corey Seager,Dodgers,541,395,88.8,109.7,14.3,25,6.30%,149,37.70%,113,5.6,44,1,19,44,0.817,13624
2016,Kole Calhoun,Angels,672,481,89.7,109.6,14.9,25,5.20%,193,40.10%,117,-7,35,5,18,67,0.786,11200
2015,Russell Martin,Blue Jays,507,340,89.2,111.5,9,25,7.40%,134,39.40%,115,8,23,2,23,53,0.787,4616
2019,Whit Merrifield,Royals,735,559,87.1,104.8,15.6,19,3.40%,163,29.20%,110,-2.3,41,10,16,45,0.811,11281
2018,Eddie Rosario,Twins,592,458,87.7,108.1,17.8,33,7.20%,152,33.20%,114,-6.8,31,2,24,30,0.803,12155
2016,Chris Davis,Orioles,665,350,91.1,111.2,17.1,53,15.10%,154,44.00%,113,-11.7,21,0,38,88,0.792,9272
2020,Charlie Blackmon,Rockies,247,182,86.9,109.7,13.5,9,4.90%,54,29.70%,97,-3.2,12,1,6,19,0.804,7859
2018,Matt Olson,Athletics,660,419,93.3,113.3,18.1,48,11.50%,218,52.00%,119,-12,33,0,29,70,0.788,14344
2016,Jay Bruce,- - -,589,416,89,111.8,14.9,35,8.40%,161,38.70%,111,-6.3,27,6,33,44,0.815,9892
2015,Justin Upton,Padres,620,389,89.8,113.9,16.1,37,9.50%,153,39.30%,119,-6.6,26,3,26,68,0.79,5222
2018,George Springer,Astros,620,429,88.6,114.7,9.6,38,8.90%,158,36.80%,119,-2.7,26,0,22,64,0.78,12856
2019,J.T. Realmuto,Phillies,593,424,90.3,112.9,14.4,28,6.60%,174,41.00%,108,9.5,36,3,25,41,0.82,11739
2019,Kevin Newman,Pirates,531,434,85.3,107.1,8.5,9,2.10%,107,24.70%,109,4.5,20,6,12,28,0.8,17696
2018,Mallex Smith,Rays,544,391,85.8,104.7,3.7,4,1.00%,90,23.00%,118,-1.9,27,10,2,47,0.773,13608
2016,Curtis Granderson,Mets,633,420,87.9,109.1,18.7,27,6.40%,139,33.10%,116,-4.6,24,5,30,74,0.799,4747
2020,J.D. Davis,Mets,229,135,90.1,111.2,3.3,12,8.90%,61,45.20%,116,-1.2,9,0,6,31,0.761,16219
2017,Shin-Soo Choo,Rangers,636,418,88.7,109.8,7.7,36,8.60%,156,37.30%,102,-10.4,20,1,22,77,0.78,3174
2017,Mookie Betts,Red Sox,712,554,88.4,111.7,14.3,23,4.20%,209,37.70%,107,-7.1,46,2,24,77,0.803,13611
2016,Kendrys Morales,Royals,618,443,92.8,115.6,11.3,45,10.20%,220,49.70%,111,-15.6,24,0,30,48,0.795,8610
2020,Christian Walker,Diamondbacks,243,171,90.4,110.4,11.5,11,6.40%,83,48.50%,110,-4.7,18,1,7,19,0.792,13419
2017,Josh Bell,Pirates,620,436,87.6,112.4,8.6,26,6.00%,148,33.90%,108,-10.4,26,6,26,66,0.8,13145
2015,Josh Reddick,Athletics,582,468,88.5,108.7,14.9,22,4.70%,153,32.70%,116,-6.3,25,4,20,49,0.781,3892
2020,Yasmani Grandal,White Sox,194,105,90.3,110.5,15.6,8,7.60%,45,42.90%,116,1.1,7,0,8,30,0.773,11368
2017,Asdrubal Cabrera,Mets,540,402,87.2,105.3,12,18,4.50%,131,32.60%,112,3,32,0,14,50,0.785,4962
2019,Franmil Reyes,- - -,548,345,93.3,115,9.5,50,14.50%,176,51.00%,109,-8.5,19,0,37,47,0.822,14566
2020,Raimel Tapia,Rockies,206,152,85.3,107.2,1.8,3,2.00%,45,29.60%,96,-3,8,2,1,14,0.772,14350
2015,Xander Bogaerts,Red Sox,654,518,88.2,111.8,6.8,11,2.10%,179,34.60%,111,7,35,3,7,32,0.776,12161
2020,Vladimir Guerrero Jr.,Blue Jays,243,183,92.5,116.1,4.6,16,8.70%,93,50.80%,112,-5,13,2,9,20,0.791,19611
2016,Odubel Herrera,Phillies,656,453,87.8,113.5,10.3,18,4.00%,141,31.10%,110,2.2,21,6,15,63,0.781,11476
2020,Kyle Seager,Mariners,248,176,89.1,108.7,17.7,18,10.20%,70,39.80%,118,0.1,12,0,9,32,0.788,9785
2018,Joey Wendle,Rays,545,403,88.8,110.1,10.7,11,2.70%,142,35.20%,117,1.4,33,6,7,37,0.789,13853
2015,Chris Coghlan,Cubs,503,348,88.5,107.5,11.1,16,4.60%,117,33.60%,113,-4.6,25,6,16,58,0.784,6878
2015,Starling Marte,Pirates,633,464,87.9,111.9,5.7,32,6.90%,164,35.30%,115,-5.9,30,2,19,27,0.78,9241
2020,Cody Bellinger,Dodgers,243,171,89.3,110.6,16.6,16,9.40%,71,41.50%,114,-0.9,10,0,12,30,0.789,15998
2015,Adrian Beltre,Rangers,619,510,89.5,109.8,12.6,25,4.90%,206,40.40%,109,2,32,4,18,41,0.788,639
2018,Jose Abreu,White Sox,553,396,91.3,115.5,12.2,35,8.80%,179,45.20%,114,-10,36,1,22,37,0.798,15676
2018,Starling Marte,Pirates,606,454,88.4,112,8.8,33,7.30%,173,38.10%,112,2.1,32,5,20,35,0.787,9241
2015,Dee Gordon,Marlins,653,535,84.4,106.9,2,5,0.90%,93,17.40%,116,2.2,24,8,4,25,0.776,8203
2020,Rafael Devers,Red Sox,248,165,93,116.7,10.6,20,12.10%,72,43.60%,109,0.8,16,1,11,13,0.793,17350
2017,Brett Gardner,Yankees,682,480,86.4,107.9,10.3,14,2.90%,149,31.00%,110,-5.7,26,4,21,72,0.778,9927
2020,Willson Contreras,Cubs,225,134,89.8,114.1,9.1,14,10.40%,63,47.00%,110,0.8,10,0,7,20,0.763,11609
2016,Rougned Odor,Rangers,632,474,89.7,112.1,14.1,35,7.40%,180,38.00%,103,1.9,33,4,33,19,0.798,12282
2016,Logan Forsythe,Rays,567,386,90,109.4,13.6,26,6.70%,150,38.90%,113,1,24,4,20,46,0.778,7185
2016,Ian Desmond,Rangers,677,468,90.8,112,4.8,34,7.30%,204,43.60%,103,0.6,29,3,22,44,0.782,6885
2019,Marcell Ozuna,Cardinals,549,372,91.8,115.3,13.5,44,11.80%,179,48.10%,109,-5.7,23,1,29,62,0.8,10324
2018,Josh Bell,Pirates,583,402,90.2,115.6,9.4,25,6.20%,156,38.80%,111,-10.2,31,4,12,77,0.768,13145
2020,Cesar Hernandez,Indians,261,178,89.1,108.2,5.6,7,3.90%,66,37.10%,110,0.9,20,0,3,24,0.763,10556
2019,Jonathan Villar,Orioles,714,473,88.9,114,8.1,31,6.60%,175,37.00%,109,4.5,33,5,24,61,0.792,10071
2016,Martin Prado,Marlins,658,536,87.9,105.8,8.9,6,1.10%,168,31.30%,112,2.1,37,3,8,49,0.775,3312
2015,Stephen Vogt,Athletics,511,356,87,109.4,16.5,16,4.50%,108,30.30%,114,4.5,21,3,18,56,0.783,5000
2015,Robinson Cano,Mariners,674,521,91,112.5,5.4,36,6.90%,238,45.70%,116,1.6,34,1,21,43,0.779,3269
2017,Wil Myers,Padres,649,394,89.4,112.5,15.4,33,8.40%,178,45.20%,107,-11.5,29,3,30,70,0.792,10047
2020,Jurickson Profar,Padres,202,155,87.2,107.7,11,5,3.20%,43,27.70%,111,-1.4,6,0,7,15,0.771,10815
2019,Manny Machado,Padres,661,462,91.2,112.6,12.9,35,7.60%,202,43.70%,108,3.3,21,2,32,65,0.796,11493
2016,Cesar Hernandez,Phillies,622,438,87.1,106.5,4.9,8,1.80%,128,29.20%,107,2.2,14,11,6,66,0.764,10556
2015,Joc Pederson,Dodgers,585,314,91.1,114.3,13.8,35,11.10%,142,45.20%,116,2.1,19,1,26,92,0.763,11899
2017,Didi Gregorius,Yankees,570,472,84.5,106.2,17.7,15,3.20%,99,21.00%,109,5.9,27,0,25,25,0.796,6012
2015,Troy Tulowitzki,- - -,534,376,89.9,112.1,12.7,20,5.30%,154,41.00%,101,5.2,27,0,17,38,0.777,3531
2018,Chris Taylor,Dodgers,604,362,88.9,111.5,16.4,28,7.70%,136,37.60%,113,3.3,35,8,17,55,0.775,13757
2015,Ian Kinsler,Tigers,675,549,86.1,105.5,17.7,14,2.60%,145,26.40%,110,2.2,35,7,11,43,0.77,6195
2017,Todd Frazier,- - -,576,354,87.6,109.8,20.3,32,9.00%,108,30.50%,109,0.5,19,1,27,83,0.772,785
2015,Kyle Seager,Mariners,686,529,89.3,109.3,16.8,36,6.80%,183,34.60%,115,2.4,37,0,26,54,0.779,9785
2019,Jose Ramirez,Indians,542,414,89.2,112.1,19.8,25,6.00%,148,35.70%,105,1.5,33,3,23,52,0.806,13510
2016,Adrian Gonzalez,Dodgers,633,457,88.2,107.8,9.6,18,3.90%,153,33.50%,111,-11.3,31,0,18,55,0.784,1908
2020,Brandon Crawford,Giants,193,127,88.7,109.8,12.4,12,9.40%,50,39.40%,111,2.1,12,0,8,15,0.792,5343
2017,Robinson Cano,Mariners,648,510,90.3,112.7,7.4,28,5.50%,223,43.70%,112,2.2,33,0,23,49,0.791,3269
2019,Avisail Garcia,Rays,530,367,89.5,116.2,9.8,39,10.60%,148,40.30%,112,-6.4,25,2,20,31,0.796,5760
2015,Adam Jones,Orioles,581,447,88.2,112.2,11.3,39,8.70%,155,34.70%,111,1.7,25,3,27,24,0.782,6368
2015,Gerardo Parra,- - -,589,464,88.2,108.3,9.2,13,2.80%,138,29.70%,109,-4,36,5,14,28,0.78,8553
2017,Adam Jones,Orioles,635,488,86.8,110.9,11.9,28,5.70%,149,30.50%,106,2.2,28,1,26,27,0.787,6368
2019,Kolten Wong,Cardinals,549,406,86.1,107.7,12.6,8,2.00%,102,25.10%,108,2,25,4,11,47,0.784,12532
2020,Randal Grichuk,Blue Jays,231,169,88.9,110.9,12.6,19,11.20%,67,39.60%,109,-0.1,9,0,12,13,0.793,10243
2017,Tim Beckham,- - -,575,368,88.5,110.1,8.6,30,8.20%,146,39.70%,109,5.5,18,5,22,36,0.782,7949
2017,Jean Segura,Mariners,566,443,87.7,109.1,6.7,13,2.90%,152,34.30%,111,5.6,30,2,11,34,0.776,5933
2016,Matt Kemp,- - -,672,479,88.2,110.7,14.6,50,10.40%,181,37.80%,108,-6.9,39,0,35,36,0.803,5631
2015,Odubel Herrera,Phillies,537,372,88.8,113.3,7.4,11,3.00%,127,34.10%,111,1.8,30,3,8,28,0.762,11476
2018,Carlos Santana,Phillies,679,475,88.9,113.5,15.2,32,6.70%,186,39.20%,108,-10.7,28,2,24,110,0.766,2396
2016,J.T. Realmuto,Marlins,545,412,88.6,109.7,9.9,16,3.90%,145,35.20%,111,9.3,31,0,11,28,0.771,11739
2015,Albert Pujols,Angels,661,533,90.7,114,14,38,7.10%,207,38.80%,114,-13.6,22,0,40,50,0.787,1177
2020,David Peralta,Diamondbacks,218,160,89.2,113.8,6.4,8,5.00%,58,36.30%,106,-2.8,10,1,5,13,0.773,2136
2016,Brad Miller,Rays,601,402,90.5,113.1,12,36,9.00%,171,42.50%,111,1,29,6,30,47,0.786,12775
2020,Starling Marte,- - -,250,188,87,110.6,6.4,12,6.40%,55,29.30%,109,0.8,14,1,6,12,0.77,9241
2020,Eddie Rosario,Twins,231,178,87.5,105,18.1,11,6.20%,63,35.40%,110,-2.7,7,0,13,19,0.792,12155
2018,Brian Anderson,Marlins,670,463,90.2,113.3,8.7,26,5.60%,196,42.30%,113,-2.9,34,4,11,62,0.757,18289
2016,Adam Duvall,Reds,608,397,88.5,110.7,19.1,44,11.10%,162,40.80%,104,-6.5,31,6,33,41,0.795,10950
2019,Daniel Vogelbach,Mariners,558,315,88.8,113.1,17.1,31,9.80%,119,37.80%,111,-12.4,17,0,30,92,0.78,14130
2020,Jean Segura,Phillies,217,148,88,109.4,11.6,9,6.10%,56,37.80%,107,0.7,5,2,7,23,0.769,5933
2015,Dexter Fowler,Cubs,690,447,87.1,110.1,12.3,18,4.00%,134,30.00%,109,2.3,29,8,17,84,0.757,4062
2017,Whit Merrifield,Royals,630,507,87.6,110.5,16.4,23,4.50%,149,29.40%,105,1.4,32,6,19,29,0.784,11281
2017,Andrew Benintendi,Red Sox,658,470,87.5,108.5,14.7,25,5.30%,156,33.20%,102,-5.1,26,1,20,70,0.776,17901
2017,Josh Harrison,Pirates,542,401,84.9,103.2,16.5,10,2.50%,95,23.70%,104,1.4,26,2,16,28,0.771,8202
2017,J.T. Realmuto,Marlins,579,429,88.2,111.4,10.1,26,6.10%,151,35.20%,107,8.6,31,5,17,36,0.783,11739
2020,Eugenio Suarez,Reds,231,132,89.1,111.4,17.9,19,14.40%,58,43.90%,104,0.8,8,0,15,30,0.781,12552
2015,Brandon Crawford,Giants,561,392,90.4,110.6,8.3,32,8.20%,170,43.40%,113,6.2,33,4,21,39,0.782,5343
2019,Joey Votto,Reds,608,405,88.9,109.5,15.2,26,6.40%,151,37.30%,101,-10.1,32,1,15,76,0.768,4314
2018,Asdrubal Cabrera,- - -,592,429,90.1,108.3,14.5,29,6.80%,170,39.60%,111,2.2,36,1,23,41,0.774,4962
2019,Christian Vazquez,Red Sox,521,387,89.5,107.4,13.4,20,5.20%,156,40.30%,102,6.2,26,1,23,33,0.798,9774
2015,Matt Duffy,Giants,612,481,88,106.4,7.2,17,3.50%,154,32.00%,113,2.1,28,6,12,30,0.762,13836
2019,Asdrubal Cabrera,- - -,514,351,89.1,108.4,14.4,20,5.70%,124,35.30%,98,1.6,25,1,18,57,0.783,4962
2018,Trea Turner,Nationals,740,534,89.1,112.3,9.3,30,5.60%,206,38.60%,105,7.2,27,6,19,69,0.76,16252
2016,Gregory Polanco,Pirates,587,415,89.9,113.7,14.1,24,5.80%,164,39.50%,106,-6.1,34,4,22,53,0.786,12907
2016,Albert Pujols,Angels,650,524,91.5,116.5,11.9,46,8.80%,233,44.50%,110,-15.3,19,0,31,49,0.78,1177
2015,Carlos Santana,Indians,666,433,89.3,111.4,12.3,29,6.70%,173,40.00%,107,-12.2,29,2,19,108,0.752,2396
2019,Yasiel Puig,- - -,611,426,90,114.4,13.7,36,8.50%,163,38.30%,101,-6.4,30,2,24,44,0.785,14225
2018,Ketel Marte,Diamondbacks,580,444,88.8,115.1,5.8,20,4.50%,162,36.50%,105,2.8,26,12,14,54,0.768,13613
2017,Curtis Granderson,- - -,527,329,87.7,109.2,20,30,9.10%,112,34.00%,106,-2.1,24,3,26,71,0.775,4747
2019,Kole Calhoun,Angels,632,393,89.5,110.1,14.9,42,10.70%,164,41.70%,106,-6.7,29,1,33,70,0.792,11200
2016,Marcell Ozuna,Marlins,608,446,90.8,113.8,10.9,34,7.60%,187,41.90%,109,1,23,6,23,43,0.773,10324
2017,Scott Schebler,Reds,531,353,89.1,111.2,11.6,35,9.90%,144,40.80%,98,-4.9,25,2,30,39,0.791,12225
2019,Ryan McMahon,Rockies,539,322,91.9,112.9,8.8,28,8.70%,154,47.80%,88,0.6,22,1,24,56,0.779,15112
2019,Andrew Benintendi,Red Sox,615,409,89.1,107.7,17.5,29,7.10%,154,37.70%,101,-5.7,40,5,13,59,0.774,17901
2020,Nicholas Castellanos,Reds,242,150,91,108.5,16.5,24,16.00%,69,46.00%,102,-2.6,11,2,14,19,0.784,11737
2016,Justin Upton,Tigers,626,393,91.3,114.4,15.6,48,12.20%,179,45.50%,105,-6.6,28,2,31,50,0.775,5222
2020,Maikel Franco,Royals,243,189,86.7,112.5,8.5,11,5.80%,73,38.60%,106,-0.2,16,0,8,16,0.778,12179
2020,Whit Merrifield,Royals,265,216,86.1,105.8,15.8,11,5.10%,59,27.30%,106,-0.9,12,0,9,12,0.764,11281
2019,Vladimir Guerrero Jr.,Blue Jays,514,375,89.4,118.9,6.7,27,7.20%,145,38.70%,105,-1.2,26,2,15,46,0.772,19611
2017,Chase Headley,Yankees,586,388,87.2,107.9,11.7,17,4.40%,129,33.20%,105,-3,30,1,12,60,0.758,4720
2016,Andrew McCutchen,Pirates,675,458,89.6,111.4,16.5,35,7.60%,192,41.90%,105,2.3,26,3,24,69,0.766,9847
2018,Mike Moustakas,- - -,635,476,89.5,112.2,19.9,39,8.20%,186,39.10%,105,-0.3,33,1,28,49,0.774,4892
2017,Odubel Herrera,Phillies,563,402,87.2,114.6,9.7,20,5.00%,130,32.30%,100,2,42,3,14,31,0.778,11476
2019,Eddie Rosario,Twins,590,482,89.2,108.6,16.8,37,7.70%,172,35.70%,103,-6.2,28,1,32,22,0.8,12155
2017,Joe Panik,Giants,573,468,85,108,11.5,11,2.40%,111,23.70%,104,2,28,5,10,46,0.768,11936
2020,Max Kepler,Twins,196,136,88.5,110.3,21.9,7,5.10%,52,38.20%,107,-1.9,9,0,9,22,0.76,12144
2018,Teoscar Hernandez,Blue Jays,523,316,91.8,112.2,16.9,47,14.90%,145,45.90%,107,-6.1,29,7,22,41,0.771,13066
2019,Jason Heyward,Cubs,589,406,88.8,111.8,11.3,20,4.90%,147,36.20%,101,-2.1,20,4,21,68,0.772,4940
2017,Ender Inciarte,Braves,718,575,82.8,102.7,10.2,3,0.50%,75,13.00%,98,2.3,27,5,11,49,0.759,4922
2017,Manny Machado,Orioles,690,524,91.3,116.3,13.6,49,9.40%,249,47.50%,102,2.3,33,1,33,50,0.782,11493
2016,Jayson Werth,Nationals,606,392,91.3,114.7,14.9,27,6.90%,175,44.60%,100,-6.6,28,0,21,71,0.752,1327
2015,DJ LeMahieu,Rockies,620,462,90.4,108,3,8,1.70%,185,40.00%,91,2.2,21,5,6,50,0.746,9874
2015,Mark Trumbo,- - -,545,377,92.1,116.5,13,33,8.80%,162,43.00%,107,-8,23,3,22,36,0.759,6876
2020,Andrew McCutchen,Phillies,241,170,89.6,109.9,18.6,14,8.20%,68,40.00%,103,-3.3,9,0,10,22,0.757,9847
2015,Brett Gardner,Yankees,656,447,88.8,109.7,11,17,3.80%,155,34.70%,106,-4.3,26,3,16,68,0.742,9927
2015,Nick Markakis,Braves,686,530,88.3,108.5,7,4,0.80%,179,33.80%,106,-7.2,38,1,3,70,0.746,5930
2019,Wilson Ramos,Mets,524,407,90,111,-0.1,15,3.70%,173,42.50%,105,8.5,19,0,14,44,0.768,1433
2017,Carlos Gonzalez,Rockies,534,357,87.5,117.1,6.2,19,5.30%,132,37.00%,85,-5.8,34,0,14,56,0.762,7287
2016,Joe Mauer,Twins,576,403,89.7,108,3.8,20,5.00%,173,42.90%,102,-10.7,22,4,11,79,0.752,1857
2015,Brian McCann,Yankees,535,375,89.6,112.6,17.6,16,4.30%,139,37.10%,106,8.4,15,1,26,52,0.756,4810
2016,Brandon Crawford,Giants,623,447,89,109.4,12.9,18,4.00%,156,34.90%,104,6.7,28,11,12,57,0.772,5343
2016,Yunel Escobar,Angels,567,457,89.3,109.5,1.9,13,2.80%,165,36.10%,107,1.9,28,1,5,40,0.745,4191
2018,Marcell Ozuna,Cardinals,628,477,91.4,117.2,10.8,44,9.20%,212,44.40%,107,-6.6,16,2,23,38,0.758,10324
2016,Troy Tulowitzki,Blue Jays,544,395,90,111.1,14.1,37,9.40%,160,40.50%,104,5.5,21,0,24,43,0.761,3531
2017,Adam Duvall,Reds,647,428,87.3,110.8,21.1,36,8.40%,140,32.70%,96,-6.8,37,3,31,39,0.782,10950
2018,Jean Segura,Mariners,632,527,87.7,111.6,7.8,17,3.20%,169,32.10%,109,6.5,29,3,10,32,0.755,5933
2015,Evan Longoria,Rays,670,481,89.6,109.2,15.5,37,7.70%,191,39.70%,109,1,35,1,21,51,0.764,9368
2017,Kyle Seager,Mariners,650,474,88.3,109.1,21,39,8.20%,159,33.50%,106,2.3,33,1,27,58,0.773,9785
2020,Hunter Dozier,Royals,186,110,86.4,110.3,17,9,8.20%,34,30.90%,104,-2.6,4,2,6,27,0.736,15117
2018,Derek Dietrich,Marlins,551,361,87.4,111,15.8,21,5.80%,136,37.70%,109,-6.1,26,2,16,29,0.751,10542
2019,Domingo Santana,Mariners,507,291,89,109.5,11.3,35,12.00%,118,40.50%,106,-6.3,20,1,21,50,0.77,10348
2017,David Freese,Pirates,503,314,88.9,110.2,3.1,17,5.40%,134,42.70%,100,1.2,16,0,10,58,0.739,9549
2020,Anthony Rizzo,Cubs,243,167,87.7,114.5,16.7,13,7.80%,58,34.70%,103,-4.1,6,0,11,28,0.755,3473
2016,Eric Hosmer,Royals,667,477,91.9,114.9,4.1,39,8.20%,209,43.80%,102,-12,24,1,25,57,0.761,3516
2018,Andrelton Simmons,Angels,600,516,88.2,109.7,7.8,17,3.30%,186,36.00%,106,6.3,26,5,11,35,0.754,10847
2016,Todd Frazier,White Sox,666,435,89,113.5,20.5,42,9.70%,154,35.40%,105,1.5,21,0,40,64,0.767,785
2019,Dexter Fowler,Cardinals,574,350,85.5,111.1,12.9,25,7.10%,99,28.30%,103,-3.3,24,1,19,74,0.754,4062
2017,Mitch Moreland,Red Sox,576,393,89.3,113.3,11.7,44,11.20%,143,36.40%,98,-11,34,0,22,57,0.769,3086
2017,Javier Baez,Cubs,508,333,87.8,113.3,10.1,26,7.80%,117,35.10%,98,3.9,24,2,23,30,0.796,12979
2017,Denard Span,Giants,542,430,85.3,108.5,11,14,3.30%,108,25.10%,102,1.8,31,5,12,40,0.756,8347
2015,Matt Kemp,Padres,648,457,89.4,109,12.2,32,7.00%,183,40.00%,109,-6.9,31,3,23,39,0.755,5631
2015,Ender Inciarte,Diamondbacks,561,473,85.5,107.3,6.8,3,0.60%,92,19.50%,100,-4.4,27,5,6,26,0.747,4922
2015,Neil Walker,Pirates,603,441,88.9,107.4,14,18,4.10%,166,37.60%,106,2.1,32,3,16,44,0.756,7539
2015,Daniel Murphy,Mets,538,467,90.1,113.3,12,18,3.90%,184,39.40%,109,0.3,38,2,14,31,0.77,4316
2018,Rougned Odor,Rangers,535,354,90.7,112.6,13.9,24,6.80%,135,38.10%,95,1.6,23,2,18,43,0.751,12282
2018,Justin Bour,- - -,501,302,88.9,115.5,9.8,31,10.30%,118,39.10%,107,-8.1,13,1,20,73,0.746,9744
2015,Yangervis Solarte,Padres,571,475,88.1,110.6,11.7,11,2.30%,149,31.40%,109,-0.5,33,4,14,34,0.748,5352
2020,Francisco Lindor,Indians,266,197,89.9,111.4,13.5,11,5.60%,81,41.10%,102,2.4,13,0,8,24,0.75,12916
2018,Ozzie Albies,Braves,684,527,86.8,109.9,16.1,21,4.00%,155,29.40%,100,2.3,40,5,24,36,0.757,16556
2016,Angel Pagan,Giants,543,435,85.8,107,12.5,11,2.50%,94,21.60%,102,-5.3,24,5,12,42,0.75,2918
2018,Nomar Mazara,Rangers,536,376,90.5,117.1,5.3,30,8.00%,162,43.10%,95,-6.4,25,1,20,40,0.753,14553
2016,Eduardo Nunez,- - -,595,473,89.6,112,8.4,20,4.20%,175,37.00%,101,3,24,4,16,29,0.758,6848
2018,Yuli Gurriel,Astros,573,481,89.3,107.9,11.5,8,1.70%,174,36.20%,107,-7.9,33,1,13,23,0.751,19198
2018,Matt Duffy,Rays,560,413,86.8,104.9,4.8,5,1.20%,115,27.80%,107,1.3,22,1,4,47,0.727,13836
2019,Renato Nunez,Orioles,599,402,89.9,114.8,19.9,43,10.70%,164,40.80%,100,-13.2,24,0,31,44,0.771,14503
2018,Yadier Molina,Cardinals,503,399,88.2,107.2,15.4,21,5.30%,134,33.60%,105,8.6,20,0,20,29,0.75,7007
2015,Brian Dozier,Twins,704,488,87.2,108.9,19,27,5.50%,151,30.90%,102,2.4,39,4,28,61,0.751,9810
2017,Andrelton Simmons,Angels,647,530,86.1,109.7,7.8,13,2.50%,151,28.50%,102,7,38,2,14,47,0.752,10847
2020,Miguel Cabrera,Tigers,231,155,93.2,112.2,12.1,15,9.70%,77,49.70%,102,-6,4,0,10,24,0.746,1744
2017,Trevor Story,Rockies,555,313,89.4,110.1,19.2,29,9.30%,120,38.30%,82,6.1,32,3,24,49,0.765,12564
2015,Jhonny Peralta,Cardinals,640,474,88,109.4,13,18,3.80%,159,33.50%,105,6.4,26,1,17,50,0.745,1738
2018,DJ LeMahieu,Rockies,581,460,91.3,109.3,5.9,20,4.30%,197,42.80%,87,1.9,32,2,15,37,0.749,9874
2019,Evan Longoria,Giants,508,346,89.7,110.3,14,23,6.60%,141,40.80%,100,1.8,19,2,20,43,0.762,9368
2016,Russell Martin,Blue Jays,535,313,89.3,110.7,10.1,28,8.90%,126,40.30%,101,8.6,16,0,20,64,0.733,4616
2019,Paul DeJong,Cardinals,664,440,87.1,111.7,18.2,37,8.40%,146,33.20%,100,7.1,31,1,30,62,0.762,18015
2015,Brock Holt,Red Sox,509,363,86.5,107.2,7.8,2,0.60%,88,24.20%,99,-0.2,27,6,2,46,0.727,9345
2017,Xander Bogaerts,Red Sox,635,457,87.3,113.9,8.1,4,0.90%,145,31.70%,95,6.7,32,6,10,56,0.746,12161
2015,Trevor Plouffe,Twins,632,454,89.8,108.2,13.8,34,7.50%,177,39.00%,100,1.1,35,4,22,50,0.742,7462
2018,Willson Contreras,Cubs,544,357,88.2,114.1,8,24,6.70%,119,33.30%,101,9.4,27,5,10,53,0.73,11609
2016,Nick Markakis,Braves,684,507,90.7,114.3,10.7,22,4.30%,218,43.00%,98,-7.5,38,0,13,71,0.744,5930
2017,Nick Markakis,Braves,670,486,88.3,114.4,8.8,12,2.50%,167,34.40%,93,-7.2,39,1,8,68,0.738,5930
2016,Jonathan Schoop,Orioles,647,481,87.3,113.6,11.9,30,6.20%,168,34.90%,99,2.5,38,1,25,21,0.752,11265
2018,Cesar Hernandez,Phillies,708,454,85.7,109.4,11.4,16,3.50%,126,27.80%,100,2.2,15,3,15,95,0.718,10556
2019,Adam Frazier,Pirates,608,484,87.2,106.1,13,9,1.90%,136,28.10%,97,2,33,7,10,40,0.753,15223
2017,Ryon Healy,Athletics,605,436,88.3,112.7,12.8,32,7.30%,175,40.10%,101,-10.6,29,0,25,23,0.754,15447
2017,Kendrys Morales,Blue Jays,608,428,91.2,113,9.6,39,9.10%,196,45.80%,98,-14.8,25,0,28,43,0.753,8610
2017,Melky Cabrera,- - -,666,554,88.3,113.6,8.9,20,3.60%,194,35.00%,98,-7.3,30,2,17,36,0.746,4022
2019,Brandon Belt,Giants,616,403,87.3,106.6,22.4,32,7.90%,144,35.70%,98,-10.3,32,3,17,83,0.742,10264
2018,Yonder Alonso,Indians,574,398,87.8,112.3,15.7,37,9.30%,146,36.70%,98,-10.1,19,0,23,51,0.738,2530
2018,Jose Peraza,Reds,683,570,85.8,108.7,15,13,2.30%,134,23.50%,96,6.8,31,4,14,29,0.742,13593
2018,Joe Mauer,Twins,543,404,91.1,107.6,4.4,17,4.20%,173,42.80%,100,-10,27,1,6,51,0.729,1857
2015,Asdrubal Cabrera,Rays,551,405,88.3,106.7,17.3,20,4.90%,131,32.30%,104,5.4,28,5,15,36,0.744,4962
2019,Alex Gordon,Royals,633,463,88.7,110.6,9.3,25,5.40%,178,38.40%,95,-6.7,31,1,13,51,0.741,5209
2016,Ender Inciarte,Braves,578,461,85.4,103.1,8.3,3,0.70%,69,15.00%,97,1.4,24,7,3,45,0.732,4922
2020,Asdrubal Cabrera,Nationals,213,154,89.4,107,13.8,10,6.50%,58,37.70%,96,-2.6,9,3,8,19,0.753,4962
2016,Didi Gregorius,Yankees,597,490,86.1,108.8,14.5,12,2.40%,124,25.30%,97,6.7,32,2,20,19,0.751,6012
2016,Corey Dickerson,Rays,548,379,89,112.7,18,36,9.50%,145,38.30%,101,-9.7,36,3,24,33,0.761,10762
2016,Adam Jones,Orioles,672,513,88.8,110.5,14.5,36,7.00%,180,35.10%,98,2.2,19,0,29,39,0.746,6368
2019,Miguel Cabrera,Tigers,549,390,90.3,111.4,12.3,21,5.40%,173,44.40%,96,-13.4,21,0,12,48,0.744,1744
2019,Hanser Alberto,Orioles,550,480,84.4,103.6,11.7,11,2.30%,89,18.50%,97,1.7,21,2,12,16,0.751,11902
2020,Nick Ahmed,Diamondbacks,217,153,87.7,107.7,9.4,8,5.20%,51,33.30%,96,2.5,10,1,5,18,0.729,12147
2016,Nomar Mazara,Rangers,568,411,88,117.8,8.3,24,5.80%,144,35.00%,91,-6.1,13,3,20,39,0.739,14553
2019,Amed Rosario,Mets,655,497,89.4,110.3,8.8,20,4.00%,195,39.20%,99,6.8,30,7,15,31,0.755,15518
2017,Hanley Ramirez,Red Sox,553,380,88.5,114.3,12.6,36,9.50%,146,38.40%,92,-12.9,24,0,23,51,0.75,8001
2019,David Fletcher,Angels,653,534,83.8,104.5,9.7,1,0.20%,90,16.90%,98,2,30,4,6,55,0.734,17992
2015,Martin Prado,Marlins,551,441,89.1,109.7,9,9,2.00%,150,34.00%,102,1.9,22,2,9,37,0.732,3312
2018,Marwin Gonzalez,Astros,552,370,89.1,110.1,11.4,23,6.20%,153,41.40%,104,-2.6,25,3,16,53,0.733,5497
2017,Nomar Mazara,Rangers,616,430,89,113.6,11.3,27,6.30%,159,37.00%,87,-7.2,30,2,20,55,0.745,14553
2016,Brett Gardner,Yankees,634,450,86.5,107.2,7.5,10,2.20%,108,24.00%,96,-6.3,22,6,7,70,0.713,9927
2020,Orlando Arcia,Brewers,189,142,89,108.7,9.6,8,5.60%,55,38.70%,96,2.3,10,1,5,14,0.734,13185
2015,Billy Burns,Athletics,555,442,83,104.8,8.5,0,0.00%,62,14.00%,102,1.8,18,9,5,26,0.726,12701
2019,Dansby Swanson,Braves,545,365,89.9,108.4,14.4,28,7.70%,152,41.60%,92,5.6,26,3,17,51,0.748,18314
2020,Miguel Sano,Twins,205,96,95.2,115.8,20.2,22,22.90%,55,57.30%,99,-3.7,12,0,13,18,0.757,12164
2015,Kole Calhoun,Angels,686,472,86.1,108.9,11.5,30,6.40%,150,31.80%,103,-7.1,23,2,26,45,0.731,11200
2015,Evan Gattis,Astros,604,452,88.9,112.3,10.4,25,5.50%,177,39.20%,103,-15.1,20,11,27,30,0.748,11003
2015,Marlon Byrd,- - -,544,366,86.4,108.8,12.1,29,7.90%,116,31.70%,100,-5.8,25,5,23,29,0.743,950
2019,Victor Robles,Nationals,617,417,83.3,110.5,16.7,19,4.60%,96,23.00%,92,1.5,33,3,17,35,0.745,18363
2016,Addison Russell,Cubs,598,396,87.6,108.1,15.2,35,8.80%,123,31.10%,95,6.5,25,3,21,55,0.738,14106
2018,Max Kepler,Twins,611,439,89.5,112.7,16.3,26,5.90%,164,37.40%,98,-4.2,30,4,20,71,0.727,12144
2016,Eugenio Suarez,Reds,627,413,86.7,108.8,15.9,25,6.10%,120,29.10%,93,2.2,25,2,21,51,0.728,12552
2020,Carlos Santana,Indians,255,164,88,111.5,12.2,11,6.70%,60,36.60%,96,-4.6,7,0,8,47,0.699,2396
2020,Max Muncy,Dodgers,248,145,88.5,109.8,14.2,18,12.40%,58,40.00%,100,-2.2,4,0,12,39,0.72,13301
2020,Luis Robert,White Sox,227,133,87.9,115.8,16.7,17,12.80%,53,39.80%,101,0.8,8,0,11,20,0.738,20043
2016,Cheslor Cuthbert,Royals,510,382,89.3,111.7,12.4,8,2.10%,141,36.90%,95,1.9,28,1,12,32,0.731,10473
2020,Matt Olson,Athletics,245,133,92.3,112.5,19.7,17,12.80%,61,45.90%,103,-4.3,4,1,14,34,0.734,14344
2020,Ketel Marte,Diamondbacks,195,163,89.2,115.9,10,6,3.70%,66,40.50%,94,0.6,14,1,2,7,0.732,13613
2017,Brandon Phillips,- - -,604,502,84.7,108.4,8.3,13,2.60%,125,24.90%,91,1.9,34,1,13,21,0.735,791
2017,Yadier Molina,Cardinals,543,437,87.9,106.2,14.7,26,5.90%,149,34.10%,95,9.6,27,1,18,28,0.751,7007
2015,Ben Revere,- - -,634,536,83.1,111.4,5,0,0.00%,76,14.20%,98,-4.3,22,7,2,32,0.719,4712
2020,Ramon Laureano,Athletics,222,128,87.7,111.3,12.3,12,9.40%,44,34.40%,103,0.7,8,1,6,24,0.704,17128
2015,Brandon Phillips,Reds,623,524,86.2,108.2,10.6,10,1.90%,135,25.80%,97,2.1,19,2,12,27,0.723,791
2018,Starlin Castro,Marlins,647,475,88.4,109.3,8.3,30,6.30%,171,36.00%,101,2.3,32,2,12,48,0.729,4579
2017,Ben Gamel,Mariners,550,391,86.3,108.5,11,14,3.60%,114,29.20%,99,-5.8,27,5,11,36,0.735,12160
2018,Adam Jones,Orioles,613,491,88.3,108.1,13.2,24,4.90%,161,32.80%,98,-0.6,35,0,15,24,0.732,6368
2019,Cesar Hernandez,Phillies,667,516,86,108.4,9.5,13,2.50%,146,28.30%,92,2.4,31,3,14,45,0.741,10556
2019,Colin Moran,Pirates,503,353,88.2,110.1,12.4,23,6.50%,121,34.30%,93,1.1,30,1,13,30,0.751,16909
2019,Jean Segura,Phillies,618,507,88.2,113.1,7.1,16,3.20%,166,32.70%,92,6.2,37,4,12,30,0.743,5933
2018,Ian Desmond,Rockies,619,414,90.1,112,-0.1,26,6.30%,179,43.20%,82,-10.7,21,8,22,53,0.729,6885
2016,Marcus Semien,Athletics,621,431,87.9,108.4,15.4,27,6.30%,150,34.80%,98,7.1,27,2,27,51,0.735,12533
2017,Max Kepler,Twins,568,401,88.8,113.2,13.1,16,4.00%,147,36.70%,94,-5.6,32,2,19,47,0.737,12144
2018,Odubel Herrera,Phillies,597,430,86.7,114.7,13,20,4.70%,137,31.90%,96,1.6,19,3,22,38,0.73,11476
2016,Brandon Phillips,Reds,584,490,86.4,108.9,10.1,11,2.20%,125,25.50%,92,1.7,34,1,11,18,0.736,791
2017,Kole Calhoun,Angels,654,441,88.3,110.1,12.2,23,5.20%,156,35.40%,97,-6.9,23,2,19,71,0.725,11200
2019,Nick Ahmed,Diamondbacks,625,456,87.8,108.3,7.6,26,5.70%,155,34.00%,91,7.1,33,6,19,52,0.753,12147
2016,Scooter Gennett,Brewers,542,388,87,108.5,12.3,12,3.10%,97,25.00%,92,1.7,30,1,14,38,0.728,10339
2019,Jackie Bradley Jr.,Red Sox,567,344,90.2,112.1,9.1,31,9.00%,154,44.80%,90,2.1,28,3,21,56,0.738,12984
2017,Yolmer Sanchez,White Sox,534,384,84.8,106.5,10.4,11,2.90%,94,24.50%,95,1.1,19,8,12,35,0.732,11602
2017,Jackie Bradley Jr.,Red Sox,541,360,88.3,110.6,9.5,25,6.90%,143,39.70%,89,2.1,19,3,17,48,0.726,12984
2016,Starlin Castro,Yankees,610,465,88.4,113.2,9,24,5.20%,162,34.80%,93,2.3,29,1,21,24,0.734,4579
2019,Willy Adames,Rays,584,382,88.5,110.9,10.7,31,8.10%,136,35.60%,97,6.8,25,1,20,46,0.735,15986
2017,Miguel Cabrera,Tigers,529,362,91.1,111.5,12.4,35,9.70%,173,47.80%,92,-9.6,22,0,16,54,0.728,1744
2017,Ian Kinsler,Tigers,613,465,86.3,105.9,19.5,19,4.10%,141,30.30%,92,1.6,25,3,22,55,0.725,6195
2017,Evan Longoria,Rays,677,516,86.7,109.9,12.7,26,5.00%,166,32.20%,97,0.6,36,2,20,46,0.737,9368
2017,Jose Reyes,Mets,561,430,84.3,108.4,15.7,10,2.30%,104,24.20%,95,4.1,25,7,15,50,0.728,1736
2016,Zack Cozart,Reds,508,385,86.3,105.6,15.6,9,2.30%,107,27.80%,90,4.9,28,2,16,37,0.732,2616
2017,Dee Gordon,Marlins,695,567,81.6,104.1,2.2,1,0.20%,64,11.30%,94,2.3,20,9,2,25,0.716,8203
2017,Chris Davis,Orioles,524,265,90.1,109.8,15,30,11.30%,120,45.30%,91,-9.6,15,1,26,61,0.732,9272
2016,Chase Utley,Dodgers,565,399,87.6,107.5,12.1,16,4.00%,134,33.60%,96,1.8,26,3,14,40,0.716,1679
2018,Jonathan Villar,- - -,515,331,88.5,110.9,3.2,16,4.80%,119,36.00%,95,2.3,14,1,14,41,0.709,10071
2017,Byron Buxton,Twins,511,319,88.1,110.9,15,18,5.60%,102,32.00%,92,2,14,6,16,38,0.728,14161
2016,Denard Span,Giants,637,501,86,108.8,6.9,13,2.60%,149,29.70%,94,2,23,5,11,53,0.712,8347
2015,Billy Butler,Athletics,601,441,89.3,110,8.7,31,7.00%,178,40.40%,98,-15.2,28,1,15,52,0.713,7399
2017,Yangervis Solarte,Padres,512,409,85.4,110.2,14.7,13,3.20%,115,28.10%,91,1.8,21,0,18,37,0.731,5352
2018,Yoan Moncada,White Sox,650,365,91,113.1,15.4,32,8.80%,161,44.10%,97,2.2,32,6,17,67,0.714,17232
2016,Maikel Franco,Phillies,630,479,89.5,113.2,11.8,30,6.30%,194,40.50%,92,2.2,23,1,25,40,0.733,12179
2015,Marcus Semien,Athletics,601,426,87,106.9,13.5,16,3.80%,122,28.60%,97,6.7,23,7,15,42,0.715,12533
2015,Nicholas Castellanos,Tigers,595,403,88.3,111.6,16.9,29,7.20%,141,35.00%,94,1.3,33,6,15,39,0.721,11737
2018,Jeimer Candelario,Tigers,619,384,87.2,112.7,15,22,5.70%,128,33.30%,93,2.1,28,3,19,66,0.71,13621
2016,Chase Headley,Yankees,529,354,87.3,109,11.8,17,4.80%,119,33.60%,92,1.9,18,1,14,51,0.712,4720
2015,Joe Mauer,Twins,666,486,89.6,107.6,4.3,16,3.30%,195,40.10%,93,-12.3,34,2,10,67,0.718,1857
2018,Jackie Bradley Jr.,Red Sox,535,341,92.2,112.4,12.3,32,9.40%,171,50.10%,90,1.3,33,4,13,46,0.717,12984
2015,Kevin Pillar,Blue Jays,628,510,85.7,112.4,14,9,1.80%,132,25.90%,94,1.4,31,2,12,28,0.713,12434
2016,Travis Shaw,Red Sox,530,351,88.7,112.3,16.2,26,7.40%,122,34.80%,88,-1.3,34,2,16,43,0.726,11982
2015,Kolten Wong,Cardinals,613,467,87.5,110.5,11.3,13,2.80%,160,34.30%,96,2.2,28,4,11,36,0.707,12532
2018,Eric Hosmer,Padres,677,472,88.7,112.2,-1.5,26,5.50%,176,37.30%,95,-11.8,31,2,18,62,0.72,3516
2017,Manuel Margot,Padres,529,386,85.3,109.7,10.4,10,2.60%,111,28.80%,90,1.8,18,7,13,35,0.721,14712
2020,Yoan Moncada,White Sox,231,130,87.8,109.9,13.9,8,6.20%,43,33.10%,96,0.8,8,3,6,28,0.705,17232
2017,Orlando Arcia,Brewers,548,411,85.7,107.3,6.8,14,3.40%,112,27.30%,86,6.4,17,2,15,36,0.731,13185
2015,Kevin Kiermaier,Rays,535,414,87.5,112.2,9,10,2.40%,127,30.70%,97,1.9,25,12,10,24,0.718,11038
2017,Jorge Polanco,Twins,544,423,85,107,16.2,11,2.60%,107,25.30%,90,5.5,30,3,13,41,0.723,13152
2019,Eric Hosmer,Padres,667,461,90.8,114.3,2,31,6.70%,212,46.00%,91,-11.7,29,2,22,40,0.735,3516
2015,Jay Bruce,Reds,649,444,89.8,111.4,15.5,35,7.90%,168,37.80%,93,-7,35,4,26,58,0.729,9892
2015,Derek Norris,Padres,557,385,87.1,112.1,14,7,1.80%,135,35.10%,98,7.9,33,2,14,35,0.709,6867
2015,Aramis Ramirez,- - -,516,412,87.4,108.6,15.9,19,4.60%,142,34.50%,93,1.2,31,1,17,31,0.72,1002
2018,Ender Inciarte,Braves,660,519,84.9,105,10.8,7,1.30%,98,18.90%,90,2.3,27,6,10,49,0.705,4922
2018,Jason Kipnis,Indians,601,422,86.9,107.4,17.8,25,5.90%,129,30.60%,91,2,28,1,18,60,0.704,9776
2016,Jacoby Ellsbury,Yankees,626,486,86.9,109.9,10.6,7,1.40%,150,30.90%,90,2.1,24,5,9,54,0.703,4727
2017,Jordy Mercer,Pirates,558,416,85.8,106.3,9.2,12,2.90%,133,32.00%,88,6.4,24,5,14,51,0.733,6547
2019,Albert Pujols,Angels,545,431,88.3,112.3,12.5,23,5.30%,155,36.00%,91,-10.5,22,0,23,43,0.734,1177
2019,Adam Jones,Diamondbacks,528,388,86.1,108.5,13.4,22,5.70%,120,30.90%,87,-5.3,25,1,16,31,0.728,6368
2016,Adonis Garcia,Braves,563,440,89.1,108.9,7.8,20,4.50%,154,35.00%,90,1.5,29,0,14,24,0.717,13777
2015,Brandon Moss,- - -,526,324,89.1,113.7,19.8,37,11.40%,129,39.80%,93,-7,24,2,19,49,0.711,4467
2020,Corey Dickerson,Marlins,210,160,85.5,108.8,11.7,9,5.60%,45,28.10%,96,-2.4,5,1,7,15,0.713,10762
2020,Carlos Correa,Astros,221,153,88.6,109,11.4,9,5.90%,64,41.80%,98,2.4,9,0,5,16,0.709,14162
2020,Nolan Arenado,Rockies,201,166,87.8,108.9,19.1,9,5.40%,56,33.70%,76,0.7,9,0,8,15,0.738,9777
2018,Trey Mancini,Orioles,636,434,89.9,115,5.2,46,10.60%,183,42.20%,93,-8.9,23,3,24,44,0.715,15149
2019,Josh Reddick,Astros,550,448,86.1,107.7,15.8,15,3.30%,127,28.30%,94,-6,19,3,14,36,0.728,3892
2015,Ryan Howard,Phillies,503,333,91.3,110.7,14.8,37,11.10%,152,45.60%,93,-8.9,29,1,23,27,0.72,2154
2020,Evan Longoria,Giants,209,157,91.7,111.5,10.7,18,11.50%,71,45.20%,93,0.7,10,1,7,11,0.722,9368
2020,Ryan McMahon,Rockies,193,107,90.1,109.7,9.2,12,11.20%,46,43.00%,76,-0.2,6,1,9,18,0.714,15112
2016,Salvador Perez,Royals,546,397,88.9,112.7,19.2,23,5.80%,148,37.30%,89,8.7,28,2,22,22,0.725,7304
2018,Marcus Semien,Athletics,703,510,86.8,107.1,15.5,22,4.30%,163,32.00%,97,7.3,35,2,15,61,0.706,12533
2016,Mitch Moreland,Rangers,503,342,90.5,112.5,14.6,33,9.60%,135,39.50%,83,-9.8,21,0,22,35,0.72,3086
2019,Freddy Galvis,- - -,589,415,88.8,105.6,14.7,18,4.30%,151,36.40%,89,4.7,28,1,23,28,0.734,6609
2018,Tucker Barnhart,Reds,522,370,87.1,106.6,12.4,10,2.70%,112,30.30%,88,8,21,3,10,54,0.699,10200
2020,Isiah Kiner-Falefa,Rangers,228,180,87.2,106.2,0.8,4,2.20%,56,31.10%,93,1.3,4,3,3,14,0.699,16512
2015,Cameron Maybin,Braves,555,407,88.2,109.7,2.3,9,2.20%,146,35.90%,93,1.9,18,2,10,45,0.697,5223
2020,Victor Reyes,Tigers,213,157,90,108.6,10.7,6,3.80%,65,41.40%,91,-0.8,7,2,4,9,0.706,15487
2020,Kyle Schwarber,Cubs,224,125,92.8,114.9,8.8,14,11.20%,59,47.20%,91,-2.8,6,0,11,30,0.701,16478
2020,Austin Riley,Braves,206,140,91,111,13.6,14,10.00%,60,42.90%,88,0.3,7,1,8,16,0.716,18360
2015,Melky Cabrera,White Sox,683,553,89.6,111,9.8,12,2.20%,200,36.20%,94,-7.7,36,2,12,40,0.709,4022
2019,Randal Grichuk,Blue Jays,628,425,89.3,112.6,16,37,8.70%,169,39.80%,90,-4,29,5,31,35,0.738,10243
2015,Chase Headley,Yankees,642,449,86.7,109.9,12,20,4.50%,147,32.70%,92,2.3,29,1,11,51,0.693,4720
2019,Starlin Castro,Marlins,676,534,88.5,113.3,11,29,5.40%,201,37.60%,92,2.5,31,4,22,28,0.736,4579
2019,Jose Iglesias,Reds,530,437,84.1,107.7,7.1,9,2.10%,102,23.30%,84,6,21,3,11,20,0.724,10231
2018,Brandon Crawford,Giants,594,414,87.5,108.8,11.3,14,3.40%,137,33.10%,93,6.5,28,2,14,50,0.719,5343
2015,Brett Lawrie,Athletics,602,425,90,112.4,7.5,21,4.90%,166,39.10%,94,2.1,29,3,16,28,0.706,5247
2017,Tommy Joseph,Phillies,533,369,89.2,112.8,14,26,7.00%,148,40.10%,84,-9.2,27,1,22,33,0.721,10349
2019,Miguel Rojas,Marlins,526,427,87.4,109.2,9.1,9,2.10%,123,28.80%,91,5.3,29,1,5,32,0.71,7802
2018,Brett Gardner,Yankees,609,432,88,110.1,9.4,10,2.30%,142,32.90%,91,-4.1,20,7,12,65,0.69,9927
2016,Stephen Vogt,Athletics,532,410,85.9,108.4,19.4,20,4.90%,109,26.60%,91,5.4,30,2,14,35,0.711,5000
2015,Austin Jackson,- - -,527,369,89.6,109.1,7.1,13,3.50%,149,40.40%,94,1,25,3,9,29,0.696,9848
2018,Alex Gordon,Royals,568,384,88.5,109,10.9,24,6.30%,152,39.60%,89,-6,24,0,13,50,0.694,5209
2020,Adalberto Mondesi,Royals,233,151,90.6,111,13.7,11,7.30%,59,39.10%,89,2.6,11,3,6,11,0.71,13769
2020,Kolten Wong,Cardinals,208,154,86.5,103.7,10.8,1,0.60%,41,26.60%,92,0.7,4,2,1,20,0.675,12532
2015,Gregory Polanco,Pirates,652,475,89.9,115.6,10.3,19,4.00%,187,39.40%,92,-6.5,35,6,9,55,0.701,12907
2018,Salvador Perez,Royals,544,407,91.2,112.1,18,37,9.10%,193,47.40%,88,3.7,23,0,27,17,0.713,7304
2020,Josh Reddick,Astros,210,148,85.9,106.7,18.9,7,4.70%,43,29.10%,95,-2.7,11,1,4,20,0.693,3892
2015,Torii Hunter,Twins,567,421,88.4,108.1,10.6,20,4.80%,146,34.70%,89,-6.8,22,0,22,35,0.702,731
2015,Anthony Gose,Tigers,535,342,88.2,110.3,6.3,6,1.80%,104,30.40%,89,1.9,24,8,5,45,0.688,5097
2018,Brian Dozier,- - -,632,429,86.8,104.8,17.5,24,5.60%,122,28.40%,90,2.1,30,2,21,70,0.696,9810
2015,Addison Russell,Cubs,523,329,86.6,109.2,15.1,15,4.60%,94,28.60%,90,3.7,29,1,13,42,0.696,14106
2015,Wilmer Flores,Mets,510,424,86.6,110,14.2,8,1.90%,109,25.70%,95,4.8,22,0,16,19,0.703,5827
2020,Keston Hiura,Brewers,246,134,87.4,110.2,14.3,19,14.20%,53,39.60%,87,-0.4,4,0,13,16,0.707,20003
2016,Jordy Mercer,Pirates,584,445,86.9,106.4,11.1,9,2.00%,116,26.10%,88,6.4,22,3,11,51,0.701,6547
2016,Howie Kendrick,Dodgers,543,394,90.4,111,1.8,22,5.60%,167,42.40%,90,-3.6,26,2,8,50,0.691,4229
2017,Hunter Pence,Giants,539,395,89,114,4.2,23,5.80%,148,37.50%,87,-5.5,13,5,13,40,0.701,8252
2015,Didi Gregorius,Yankees,578,449,85.4,107.2,10.4,5,1.10%,110,24.50%,89,6.8,24,2,9,33,0.688,6012
2020,Rio Ruiz,Orioles,204,141,87.9,109,10.5,12,8.50%,55,39.00%,90,0.7,11,0,9,17,0.713,14103
2016,Alex Gordon,Royals,506,298,87.8,107.6,15.2,24,8.10%,111,37.20%,86,-5.7,16,2,17,52,0.692,5209
2020,J.P. Crawford,Mariners,232,167,85.8,110.1,11.4,3,1.80%,52,31.10%,94,2.3,7,2,2,23,0.674,15491
2017,Kevin Pillar,Blue Jays,632,498,86,111.9,13.1,15,3.00%,142,28.50%,86,2.3,37,1,16,33,0.704,12434
2019,Lorenzo Cain,Brewers,623,461,89.4,110.4,6.8,19,4.10%,190,41.20%,83,2,30,0,11,50,0.697,9077
2018,Kevin Pillar,Blue Jays,542,420,87.3,111.1,16.8,21,5.00%,153,36.40%,89,2,40,2,15,18,0.708,12434
2020,Tommy Edman,Cardinals,227,158,86.5,109,8.2,6,3.80%,53,33.50%,90,0.2,7,1,5,16,0.685,19470
2019,Rougned Odor,Rangers,581,346,91.1,113.1,17.9,47,13.60%,157,45.40%,77,1.7,30,1,30,52,0.721,12282
2020,Hanser Alberto,Orioles,231,193,82.3,103.8,13.2,2,1.00%,39,20.20%,89,0.7,15,0,3,5,0.698,11902
2019,Jurickson Profar,Athletics,518,387,86.7,108.2,13.9,24,6.20%,118,30.50%,90,0.6,24,2,20,48,0.711,10815
2019,Jason Kipnis,Indians,511,381,88.1,107.1,14.1,20,5.20%,130,34.10%,83,1.3,23,1,17,40,0.715,9776
2018,Jon Jay,- - -,586,440,85.1,105,4.2,7,1.60%,95,21.60%,86,-4.5,19,7,3,33,0.678,5227
2017,Brandon Crawford,Giants,570,414,87.5,108.5,11.3,21,5.10%,138,33.30%,86,6.2,34,1,14,42,0.709,5343
2016,Josh Harrison,Pirates,522,423,86.5,103.3,13.1,9,2.10%,99,23.40%,86,1.8,25,7,4,18,0.699,8202
2015,Jose Reyes,- - -,519,431,84.5,108.4,13.4,1,0.20%,80,18.60%,81,5.1,25,2,7,26,0.688,1736
2015,Salvador Perez,Royals,553,454,87.2,110.9,13,21,4.60%,147,32.40%,87,10,25,0,21,13,0.706,7304
2019,Elvis Andrus,Rangers,648,514,88.4,110.2,7.2,16,3.10%,180,35.00%,76,6.5,27,4,12,34,0.707,8709
2016,Joe Panik,Giants,526,425,86.3,106.8,12.7,15,3.50%,115,27.10%,86,1.9,21,7,10,50,0.695,11936
2018,Nick Ahmed,Diamondbacks,564,413,86.9,106.2,11.9,17,4.10%,124,30.00%,85,6.4,33,5,16,40,0.7,12147
2020,Marcus Semien,Athletics,236,161,86.2,108,19.3,8,5.00%,46,28.60%,92,2.3,9,1,7,25,0.679,12533
2016,Yonder Alonso,Athletics,532,412,88.6,110.6,11.2,15,3.60%,155,37.60%,87,-10,34,0,7,45,0.683,2530
2016,Marwin Gonzalez,Astros,518,373,89.2,110.2,9.4,19,5.10%,131,35.10%,89,-5.9,26,3,13,22,0.694,5497
2018,Ian Kinsler,- - -,534,426,85.3,106.1,17.5,13,3.10%,110,25.80%,86,1.9,26,0,14,40,0.681,6195
2015,Logan Morrison,Mariners,511,379,89.9,113.6,11.7,23,6.10%,145,38.30%,90,-9.6,15,3,17,47,0.685,9205
2016,Leonys Martin,Mariners,576,380,87.7,111.5,12.8,19,5.00%,122,32.10%,89,2.2,17,3,15,44,0.684,11846
2019,Kevin Pillar,- - -,645,529,86.4,111.7,14.1,25,4.70%,163,30.80%,84,0.9,37,3,21,18,0.719,12434
2017,Freddy Galvis,Phillies,663,503,86.3,106,15.2,12,2.40%,118,23.50%,79,7,29,6,12,45,0.69,6609
2016,Melvin Upton Jr.,- - -,539,345,88.3,110.7,9.2,20,5.80%,124,35.90%,84,-4.6,15,3,20,37,0.693,5015
2020,Nick Solak,Rangers,233,171,89.9,111.7,9.4,8,4.70%,69,40.40%,86,-1.1,10,0,2,18,0.671,19294
2020,Joey Gallo,Rangers,226,114,91.2,113.5,26.8,16,14.00%,50,43.90%,86,-2.6,8,0,10,29,0.679,14128
2018,Yolmer Sanchez,White Sox,662,467,86.7,110.3,9.3,12,2.60%,130,27.80%,87,2.2,34,10,8,49,0.678,11602
2018,Ryon Healy,Mariners,524,382,89.6,112,12.3,25,6.50%,158,41.40%,89,-9.8,15,0,24,27,0.688,15447
2020,Avisail Garcia,Brewers,207,132,87.4,113.3,8.7,5,3.80%,49,37.10%,82,0,10,0,2,20,0.659,5760
2015,Avisail Garcia,White Sox,601,416,88.5,116.1,6.5,18,4.30%,157,37.70%,86,-7.6,17,2,13,36,0.675,5760
2017,Mark Trumbo,Orioles,603,411,89.6,118.5,12.5,26,6.30%,154,37.50%,79,-13.4,22,0,23,42,0.686,6876
2018,Evan Longoria,Giants,512,384,88.5,110.4,13.4,27,7.00%,142,37.00%,86,1.8,25,4,16,22,0.694,9368
2016,Kevin Pillar,Blue Jays,584,464,87.1,113,11.5,11,2.40%,141,30.40%,82,2.2,35,2,7,24,0.679,12434
2017,Jose Bautista,Blue Jays,686,424,88.3,112.9,16.9,27,6.40%,151,35.60%,81,-7.5,27,0,23,84,0.674,1887
2019,Leury Garcia,White Sox,618,452,88.2,108.5,6.2,15,3.30%,135,29.90%,83,-0.5,27,3,8,21,0.688,5913
2018,Tim Anderson,White Sox,606,423,85.8,112.5,10.8,20,4.70%,118,27.90%,85,6.7,28,3,20,30,0.687,15172
2015,Ian Desmond,Nationals,641,406,90.8,114.4,6.4,26,6.40%,167,41.10%,83,7,27,2,19,45,0.674,6885
2018,Freddy Galvis,Padres,656,462,88.6,105.8,13.7,15,3.20%,130,28.10%,85,7.3,31,5,13,45,0.68,6609
2016,Danny Espinosa,Nationals,601,353,90.2,112.2,14.9,29,8.20%,121,34.30%,78,7,15,0,24,54,0.684,9219
2018,Dansby Swanson,Braves,533,365,88,108.5,14.1,15,4.10%,124,34.00%,80,6,25,4,14,44,0.699,18314
2015,Elvis Andrus,Rangers,661,535,87.2,109.8,10.1,7,1.30%,146,27.30%,78,7.2,34,2,7,46,0.667,8709
2017,Maikel Franco,Phillies,623,485,88.8,113,11.5,26,5.40%,176,36.30%,76,1.8,29,1,24,41,0.69,12179
2020,Adam Frazier,Pirates,230,175,85.5,107.5,12.3,7,4.00%,44,25.10%,80,-0.2,7,0,7,17,0.661,15223
2018,Amed Rosario,Mets,592,441,87.8,109.5,7.7,14,3.20%,142,32.20%,85,6.5,26,8,9,29,0.676,15518
2020,J.D. Martinez,Red Sox,237,154,89.5,110.7,14.7,17,11.00%,64,41.60%,77,-5.5,16,0,7,22,0.68,6184
2015,Andrelton Simmons,Braves,583,490,86.3,108.9,3.4,4,0.80%,143,29.20%,81,6.6,23,2,4,39,0.66,10847
2019,Khris Davis,Athletics,533,337,90.2,109.9,12.9,30,8.90%,133,39.50%,82,-13.4,11,0,23,47,0.679,9112
2020,Jorge Polanco,Twins,226,177,86.6,109.2,16.1,5,2.80%,58,32.80%,80,2.3,8,0,4,13,0.658,13152
2017,Tim Anderson,White Sox,606,428,85.6,108.8,7.9,21,4.90%,133,31.10%,79,6.5,26,4,17,13,0.679,15172
2015,Starlin Castro,Cubs,578,461,86.3,113.2,7,18,3.90%,130,28.20%,79,5.3,23,2,11,21,0.671,4579
2018,Manuel Margot,Padres,519,397,89.4,112.9,11.5,13,3.30%,145,36.50%,81,1.9,26,8,8,32,0.675,14712
2018,Kyle Seager,Mariners,630,449,89.8,110.5,18.5,23,5.10%,178,39.60%,83,2.2,36,1,22,38,0.673,9785
2015,Pablo Sandoval,Red Sox,505,400,88.1,114,10,18,4.50%,135,33.80%,76,1.8,25,1,10,25,0.658,5409
2015,Yadier Molina,Cardinals,530,439,86.3,105.1,10.3,8,1.80%,113,25.70%,81,9.7,23,2,4,32,0.66,7007
2015,Jace Peterson,Braves,597,418,87.1,110,9.7,13,3.10%,110,26.30%,79,2.1,23,5,6,56,0.649,12325
2020,Josh Bell,Pirates,223,140,91.7,114.2,5.9,12,8.60%,60,42.90%,77,-4.7,3,0,8,22,0.669,13145
2017,Albert Pujols,Angels,636,504,88.7,112.2,13.5,24,4.80%,197,39.10%,77,-15.9,17,0,23,37,0.672,1177
2016,Freddy Galvis,Phillies,624,460,87.4,107.9,13.7,12,2.60%,126,27.40%,74,6.9,26,3,20,25,0.673,6609
2018,Yangervis Solarte,Blue Jays,506,400,87.1,113.1,14.1,15,3.80%,128,32.00%,77,1,20,0,17,31,0.655,5352
2015,Freddy Galvis,Phillies,603,467,86.1,111.5,13.1,9,1.90%,103,22.10%,76,6.5,14,5,7,30,0.645,6609
2017,Carlos Beltran,Astros,509,371,87.3,109.6,13.4,15,4.00%,115,31.00%,76,-12,29,0,14,33,0.666,589
2018,Kole Calhoun,Angels,552,365,90.4,109.4,12.1,32,8.80%,156,42.70%,77,-5.9,18,2,19,53,0.652,11200
2016,Jose Iglesias,Tigers,513,427,83.6,111,8.4,3,0.70%,88,20.60%,74,6,26,0,4,28,0.643,10231
2015,Jimmy Rollins,Dodgers,563,433,85.8,115.5,16.4,11,2.50%,100,23.10%,80,5.8,24,3,13,44,0.643,971
2016,Jason Heyward,Cubs,592,440,86.7,110.8,10.6,11,2.50%,135,30.70%,72,-5,27,1,7,54,0.631,4940
2018,Miguel Rojas,Marlins,528,426,84.7,106.6,9.3,4,0.90%,101,23.70%,79,3.1,13,0,11,24,0.643,7802
2018,Victor Martinez,Tigers,508,425,87.8,107.6,14.1,18,4.20%,129,30.40%,73,-13.3,21,0,9,32,0.651,393
2019,Yolmer Sanchez,White Sox,555,389,87.1,107.5,14.2,4,1.00%,105,27.00%,73,2.2,20,4,2,44,0.638,11602
2020,Yuli Gurriel,Astros,230,189,89.3,107.1,13.9,7,3.70%,67,35.40%,79,-4.3,12,1,6,12,0.658,19198
2019,Brandon Crawford,Giants,560,387,87.8,106.7,8.3,18,4.70%,136,35.10%,73,6.3,24,2,11,53,0.654,5343
2015,Erick Aybar,Angels,638,536,85.7,108.1,6.7,4,0.70%,104,19.40%,78,6.8,30,1,3,25,0.639,4082
2015,Angel Pagan,Giants,551,425,86.3,110.7,11.4,2,0.50%,95,22.40%,78,1.7,21,3,3,32,0.635,2918
2015,Alexei Ramirez,White Sox,622,522,84.6,107.2,8.6,5,1.00%,116,22.20%,74,6.8,33,0,10,31,0.642,5133
2017,Billy Hamilton,Reds,633,456,80.5,103.7,10.2,1,0.20%,51,11.20%,65,2,17,11,4,44,0.634,10199
2020,Jose Altuve,Astros,210,153,86.7,106.9,9.3,7,4.60%,51,33.30%,77,0.7,9,0,5,17,0.629,5417
2019,Mallex Smith,Mariners,566,372,85.2,105.7,7.3,8,2.20%,74,19.90%,74,0.2,19,9,6,42,0.635,13608
2016,Alcides Escobar,Royals,682,556,84,105.8,9.4,7,1.30%,97,17.40%,69,7.3,24,6,7,27,0.642,6310
2020,Bryan Reynolds,Pirates,208,129,87.5,110.7,10.2,13,10.10%,49,38.00%,72,-1.5,6,2,7,21,0.632,19326
2018,Billy Hamilton,Reds,556,377,80.5,101.9,15.3,1,0.30%,32,8.50%,68,2.1,16,9,4,46,0.626,10199
2018,Dee Gordon,Mariners,588,490,83.2,104.7,5.8,0,0.00%,61,12.40%,75,2,17,8,4,9,0.637,8203
2017,Dansby Swanson,Braves,551,372,86.9,107.6,8.4,11,3.00%,118,31.70%,64,6.2,23,2,6,59,0.636,18314
2015,Michael A. Taylor,Nationals,511,317,88.7,112.7,10,20,6.30%,113,35.60%,69,-0.2,15,2,14,35,0.64,11489
2017,Jose Peraza,Reds,518,421,82.8,106.9,11.1,6,1.40%,84,20.00%,61,3.2,9,4,5,20,0.622,13593
2020,Victor Robles,Nationals,189,118,82.6,109.2,19.4,2,1.70%,26,22.00%,65,0.7,5,1,3,9,0.608,18363
2017,Rougned Odor,Rangers,651,449,89.1,112.4,15.9,23,5.10%,167,37.20%,56,2.1,21,3,30,32,0.649,12282
2015,Alcides Escobar,Royals,662,553,84.6,106.2,9.5,5,0.90%,91,16.50%,66,6.7,20,5,3,26,0.614,6310
2020,Marwin Gonzalez,Twins,199,138,89.2,106,12.6,7,5.10%,53,38.40%,66,-0.2,4,0,5,17,0.606,5497
2017,Alex Gordon,Royals,541,356,86.3,109.6,13.8,14,3.90%,111,31.20%,62,-6,20,2,9,45,0.608,5209
2019,Orlando Arcia,Brewers,546,393,87.9,109.9,6.6,15,3.80%,121,30.80%,62,6.4,16,1,15,43,0.633,13185
2017,Alcides Escobar,Royals,629,508,84,105.3,14,10,2.00%,106,20.90%,61,7.2,36,5,6,15,0.629,6310
2015,Jean Segura,Brewers,584,472,86.9,109.6,4.3,4,0.80%,124,26.30%,64,6.3,16,5,6,13,0.616,5933
2020,Jonathan Villar,- - -,207,134,86.9,111.1,1.5,2,1.50%,47,35.10%,66,0.5,5,0,2,19,0.593,10071
2015,Wilson Ramos,Nationals,504,382,90.5,114.2,4.4,22,5.80%,171,44.80%,62,9.1,16,0,15,21,0.616,1433
2016,Alexei Ramirez,- - -,506,418,84.5,105.5,9.1,2,0.50%,100,23.90%,63,5.2,22,2,6,21,0.61,5133
2020,Erik Gonzalez,Pirates,193,134,88.5,111.4,5.5,9,6.70%,59,44.00%,62,1.8,13,1,3,8,0.614,13369
2020,Evan White,Mariners,202,99,91.7,112.8,13.7,14,14.10%,52,52.50%,66,-3.8,7,0,8,18,0.599,20078
2018,Alcides Escobar,Royals,531,423,84.6,105.5,10.6,7,1.70%,91,21.50%,59,5.2,22,3,4,29,0.593,6310
2020,Eduardo Escobar,Diamondbacks,222,164,88.6,106.7,18.1,9,5.50%,52,31.70%,56,0.3,7,3,4,15,0.605,6153
2016,Adeiny Hechavarria,Marlins,547,440,88.1,106.7,8.2,3,0.70%,138,31.40%,59,6.3,17,6,3,33,0.594,10459
2020,Javier Baez,Cubs,235,149,89.4,116,10.3,12,8.10%,60,40.30%,57,2.3,9,1,8,7,0.599,12979
2015,Chris Owings,Diamondbacks,552,381,86.9,107.6,14.4,10,2.60%,96,25.20%,51,2.9,27,5,4,26,0.587,10030
2020,Nicky Lopez,Royals,192,131,84.9,104.6,1.4,2,1.50%,35,26.70%,55,0.8,8,0,1,18,0.552,19339
2018,Chris Davis,Orioles,522,282,89.3,111.8,15.1,27,9.60%,113,40.10%,46,-10,12,0,16,41,0.539,9272
